#2026 08 15 16:14:24.807#Z#INFO#61dc8624-98c4-11f1-8cc9-eeee0a994573.OPERATION#http-nio-0.0.0.0-8080-exec-4#
[XS2StartProcessListener] Operation ID: 61dc8624-98c4-11f1-8cc9-eeee0a994573#
#2026 08 15 16:14:24.832#Z#DEBUG#61dc8624-98c4-11f1-8cc9-eeee0a994573.OPERATION#http-nio-0.0.0.0-8080-exec-4#
[XS2StartProcessListener] Process environment: {
  "SKIP_SSL_VALIDATION" : "false",
  "FLOWABLE_JOB_EXECUTOR_MAX_THREADS" : "32",
  "VERSION" : "2.51.0",
  "BASIC_AUTH_ENABLED" : "true",
  "FLOWABLE_JOB_EXECUTOR_QUEUE_CAPACITY" : "16",
  "FLOWABLE_JOB_EXECUTOR_CORE_THREADS" : "8"
}#
#2026 08 15 16:14:24.832#Z#DEBUG#61dc8624-98c4-11f1-8cc9-eeee0a994573.OPERATION#http-nio-0.0.0.0-8080-exec-4#
[XS2StartProcessListener] Current user: anim.basu@ext.dialog.lk#
#2026 08 15 16:14:24.832#Z#DEBUG#61dc8624-98c4-11f1-8cc9-eeee0a994573.OPERATION#http-nio-0.0.0.0-8080-exec-4#
[XS2StartProcessListener] Client space: org-b/test#
#2026 08 15 16:14:24.832#Z#DEBUG#61dc8624-98c4-11f1-8cc9-eeee0a994573.OPERATION#http-nio-0.0.0.0-8080-exec-4#
[XS2StartProcessListener] Client organization: Dialog Axiata Plc_arize-qas-9339ozek-org-a-qas#
#2026 08 15 16:14:24.832#Z#INFO#61dc8624-98c4-11f1-8cc9-eeee0a994573.OPERATION#http-nio-0.0.0.0-8080-exec-4#
[XS2StartProcessListener] Process variables: {
  "keepFiles" : false,
  "skipAppDigestCalculation" : false,
  "abortOnError" : false,
  "mtaId" : "flowmate",
  "noFailOnMissingPermissions" : false,
  "isSecurityEnabled" : false,
  "apiRequestPath" : "https://deploy-service.cf.ap11.hana.ondemand.com/api/v1/spaces/19e2d49e-f313-4069-98bd-9ace838bf9d4/operations",
  "deleteServiceBrokers" : false,
  "appArchiveId" : "a9aa586e-801b-4e03-8925-cce80ec98b51",
  "isDisposableUserProvidedServiceEnabled" : false,
  "deleteServiceKeys" : false,
  "noRestartSubscribedApps" : false,
  "noStart" : false,
  "deleteServices" : false
}#
#2026 08 15 16:14:24.895#Z#DEBUG#61dc8624-98c4-11f1-8cc9-eeee0a994573.OPERATION#flowable-async-job-executor-thread-126#
[ValidateDeployParametersStep] Executing task "validateParametersTask" of process "61dcad5a-98c4-11f1-8cc9-eeee0a994573"...#
#2026 08 15 16:14:24.895#Z#DEBUG#61dc8624-98c4-11f1-8cc9-eeee0a994573.OPERATION#flowable-async-job-executor-thread-126#
[ValidateDeployParametersStep] Validating parameters...#
#2026 08 15 16:14:24.898#Z#INFO#61dc8624-98c4-11f1-8cc9-eeee0a994573.OPERATION#flowable-async-job-executor-thread-126#
[ValidateDeployParametersStep] Size of mtars is 36,437,639 and size of extension descriptors is 0#
#2026 08 15 16:14:24.931#Z#INFO#61dc8624-98c4-11f1-8cc9-eeee0a994573.OPERATION#flowable-async-job-executor-thread-126#
[ValidateDeployParametersStep] Archive was not split! Total size in bytes: 36,437,639#
#2026 08 15 16:14:24.931#Z#INFO#61dc8624-98c4-11f1-8cc9-eeee0a994573.OPERATION#flowable-async-job-executor-thread-126#
[ValidateDeployParametersStep] Deploying in org "Dialog Axiata Plc_arize-qas-9339ozek-org-a-qas" and space "org-b/test"#
#2026 08 15 16:14:24.938#Z#DEBUG#61dc8624-98c4-11f1-8cc9-eeee0a994573.OPERATION#flowable-async-job-executor-thread-126#
[ValidateDeployParametersStep] Parameters validated#
#2026 08 15 16:14:24.938#Z#DEBUG#61dc8624-98c4-11f1-8cc9-eeee0a994573.OPERATION#flowable-async-job-executor-thread-126#
Step "Validate Parameters" finished#
#2026 08 15 16:14:24.976#Z#DEBUG#61dc8624-98c4-11f1-8cc9-eeee0a994573.OPERATION#flowable-async-job-executor-thread-127#
[DeleteRemainingFileParts] Executing task "deleteRemainingFileParts" of process "61dcad5a-98c4-11f1-8cc9-eeee0a994573"...#
#2026 08 15 16:14:24.977#Z#DEBUG#61dc8624-98c4-11f1-8cc9-eeee0a994573.OPERATION#flowable-async-job-executor-thread-127#
Step "Delete Remaining File Parts" finished#
#2026 08 15 16:14:25.013#Z#DEBUG#61dc8624-98c4-11f1-8cc9-eeee0a994573.OPERATION#flowable-async-job-executor-thread-128#
[XS2ProcessMtaArchiveStep] Executing task "processArchiveTask" of process "61dcad5a-98c4-11f1-8cc9-eeee0a994573"...#
#2026 08 15 16:14:25.014#Z#DEBUG#61dc8624-98c4-11f1-8cc9-eeee0a994573.OPERATION#flowable-async-job-executor-thread-128#
[XS2ProcessMtaArchiveStep] Processing MTA archive...#
#2026 08 15 16:14:25.014#Z#DEBUG#61dc8624-98c4-11f1-8cc9-eeee0a994573.OPERATION#flowable-async-job-executor-thread-128#
[XS2ProcessMtaArchiveStep] MTA Archive ID: a9aa586e-801b-4e03-8925-cce80ec98b51#
#2026 08 15 16:14:25.468#Z#DEBUG#61dc8624-98c4-11f1-8cc9-eeee0a994573.OPERATION#flowable-async-job-executor-thread-128#
[XS2ProcessMtaArchiveStep] MTA Descriptor length: 4,369#
#2026 08 15 16:14:25.468#Z#DEBUG#61dc8624-98c4-11f1-8cc9-eeee0a994573.OPERATION#flowable-async-job-executor-thread-128#
[XS2ProcessMtaArchiveStep] MTA Archive Modules: [flowmate-app-content, flowmate-db-deployer, flowmate-srv, flowmate-approuter]#
#2026 08 15 16:14:25.468#Z#DEBUG#61dc8624-98c4-11f1-8cc9-eeee0a994573.OPERATION#flowable-async-job-executor-thread-128#
[XS2ProcessMtaArchiveStep] MTA Archive Requires: []#
#2026 08 15 16:14:25.468#Z#DEBUG#61dc8624-98c4-11f1-8cc9-eeee0a994573.OPERATION#flowable-async-job-executor-thread-128#
[XS2ProcessMtaArchiveStep] MTA Archive Resources: [flowmate-api-auth, flowmate-auth]#
#2026 08 15 16:14:25.493#Z#DEBUG#61dc8624-98c4-11f1-8cc9-eeee0a994573.OPERATION#flowable-async-job-executor-thread-128#
[XS2ProcessMtaArchiveStep] MTA archive processed#
#2026 08 15 16:14:25.493#Z#DEBUG#61dc8624-98c4-11f1-8cc9-eeee0a994573.OPERATION#flowable-async-job-executor-thread-128#
Step "Process Archive" finished#
#2026 08 15 16:14:25.591#Z#DEBUG#61dc8624-98c4-11f1-8cc9-eeee0a994573.OPERATION#flowable-async-job-executor-thread-129#
[ProcessMtaExtensionDescriptorsStep] Executing task "processExtensionDescriptorsTask" of process "61dcad5a-98c4-11f1-8cc9-eeee0a994573"...#
#2026 08 15 16:14:25.592#Z#DEBUG#61dc8624-98c4-11f1-8cc9-eeee0a994573.OPERATION#flowable-async-job-executor-thread-129#
[ProcessMtaExtensionDescriptorsStep] Processing MTA extension descriptors...#
#2026 08 15 16:14:25.596#Z#DEBUG#61dc8624-98c4-11f1-8cc9-eeee0a994573.OPERATION#flowable-async-job-executor-thread-129#
[ProcessMtaExtensionDescriptorsStep] Provided extension descriptors: [ ]#
#2026 08 15 16:14:25.596#Z#DEBUG#61dc8624-98c4-11f1-8cc9-eeee0a994573.OPERATION#flowable-async-job-executor-thread-129#
[ProcessMtaExtensionDescriptorsStep] No extension descriptors in use#
#2026 08 15 16:14:25.597#Z#DEBUG#61dc8624-98c4-11f1-8cc9-eeee0a994573.OPERATION#flowable-async-job-executor-thread-129#
[ProcessMtaExtensionDescriptorsStep] MTA extension descriptors processed#
#2026 08 15 16:14:25.597#Z#DEBUG#61dc8624-98c4-11f1-8cc9-eeee0a994573.OPERATION#flowable-async-job-executor-thread-129#
Step "Process Extension Descriptors" finished#
#2026 08 15 16:14:25.643#Z#DEBUG#61dc8624-98c4-11f1-8cc9-eeee0a994573.OPERATION#flowable-async-job-executor-thread-130#
[XS2DetectMtaSchemaVersionStep] Executing task "detectSchemaVersionTask" of process "61dcad5a-98c4-11f1-8cc9-eeee0a994573"...#
#2026 08 15 16:14:25.644#Z#DEBUG#61dc8624-98c4-11f1-8cc9-eeee0a994573.OPERATION#flowable-async-job-executor-thread-130#
[XS2DetectMtaSchemaVersionStep] Detecting MTA major schema version...#
#2026 08 15 16:14:25.651#Z#INFO#61dc8624-98c4-11f1-8cc9-eeee0a994573.OPERATION#flowable-async-job-executor-thread-130#
[XS2DetectMtaSchemaVersionStep] Detected MTA schema version: "3"#
#2026 08 15 16:14:25.658#Z#DEBUG#61dc8624-98c4-11f1-8cc9-eeee0a994573.OPERATION#flowable-async-job-executor-thread-130#
Step "Detect Schema Version" finished#
#2026 08 15 16:14:25.697#Z#DEBUG#61dc8624-98c4-11f1-8cc9-eeee0a994573.OPERATION#flowable-async-job-executor-thread-131#
[MergeDescriptorsStep] Executing task "mergeDescriptorsTask" of process "61dcad5a-98c4-11f1-8cc9-eeee0a994573"...#
#2026 08 15 16:14:25.698#Z#DEBUG#61dc8624-98c4-11f1-8cc9-eeee0a994573.OPERATION#flowable-async-job-executor-thread-131#
[MergeDescriptorsStep] Validating and merging descriptors...#
#2026 08 15 16:14:25.706#Z#DEBUG#61dc8624-98c4-11f1-8cc9-eeee0a994573.OPERATION#flowable-async-job-executor-thread-131#
[MergeDescriptorsStep] Merged deployment descriptor: {
  "majorSchemaVersion" : 3,
  "schemaVersion" : "3.3.0",
  "id" : "flowmate",
  "version" : "1.0.0",
  "modules" : [ {
    "majorSchemaVersion" : 3,
    "name" : "flowmate-app-content",
    "type" : "com.sap.application.content",
    "path" : "flowmate-app-content",
    "properties" : { },
    "parameters" : { },
    "requiredDependencies" : [ {
      "majorSchemaVersion" : 3,
      "name" : "flowmate-html5-repo-host",
      "properties" : { },
      "parameters" : {
        "content-target" : true
      },
      "propertiesMetadata" : {
        "metadata" : { }
      },
      "parametersMetadata" : {
        "metadata" : { }
      }
    } ],
    "providedDependencies" : [ {
      "majorSchemaVersion" : 3,
      "name" : "flowmate-app-content",
      "isPublic" : false,
      "properties" : { },
      "parameters" : { },
      "propertiesMetadata" : {
        "metadata" : { }
      },
      "parametersMetadata" : {
        "metadata" : { }
      }
    } ],
    "propertiesMetadata" : {
      "metadata" : { }
    },
    "parametersMetadata" : {
      "metadata" : { }
    },
    "hooks" : [ ]
  }, {
    "majorSchemaVersion" : 3,
    "name" : "flowmate-approuter",
    "type" : "javascript.nodejs",
    "path" : "flowmate-approuter",
    "properties" : {
      "INCOMING_CONNECTION_TIMEOUT" : 600000
    },
    "parameters" : {
      "memory" : "256M",
      "buildpack" : "nodejs_buildpack",
      "disk-quota" : "512M",
      "instances" : 1
    },
    "requiredDependencies" : [ {
      "majorSchemaVersion" : 3,
      "name" : "********",
      "properties" : { },
      "parameters" : { },
      "propertiesMetadata" : {
        "metadata" : { }
      },
      "parametersMetadata" : {
        "metadata" : { }
      }
    }, {
      "majorSchemaVersion" : 3,
      "name" : "flowmate-html5-runtime",
      "properties" : { },
      "parameters" : { },
      "propertiesMetadata" : {
        "metadata" : { }
      },
      "parametersMetadata" : {
        "metadata" : { }
      }
    }, {
      "majorSchemaVersion" : 3,
      "name" : "flowmate-destination",
      "properties" : { },
      "parameters" : { },
      "propertiesMetadata" : {
        "metadata" : { }
      },
      "parametersMetadata" : {
        "metadata" : { }
      }
    }, {
      "majorSchemaVersion" : 3,
      "name" : "srv-api",
      "group" : "destinations",
      "properties" : {
        "name" : "srv-api",
        "forwardAuthToken" : "********",
        "timeout" : 600000,
        "url" : "~{srv-url}"
      },
      "parameters" : { },
      "propertiesMetadata" : {
        "metadata" : { }
      },
      "parametersMetadata" : {
        "metadata" : { }
      }
    } ],
    "providedDependencies" : [ {
      "majorSchemaVersion" : 3,
      "name" : "flowmate-approuter",
      "isPublic" : false,
      "properties" : { },
      "parameters" : { },
      "propertiesMetadata" : {
        "metadata" : { }
      },
      "parametersMetadata" : {
        "metadata" : { }
      }
    } ],
    "propertiesMetadata" : {
      "metadata" : { }
    },
    "parametersMetadata" : {
      "metadata" : { }
    },
    "hooks" : [ ]
  }, {
    "majorSchemaVersion" : 3,
    "name" : "flowmate-srv",
    "type" : "javascript.nodejs",
    "path" : "flowmate-srv",
    "properties" : { },
    "parameters" : {
      "buildpack" : "nodejs_buildpack",
      "instances" : 1
    },
    "requiredDependencies" : [ {
      "majorSchemaVersion" : 3,
      "name" : "********",
      "properties" : { },
      "parameters" : { },
      "propertiesMetadata" : {
        "metadata" : { }
      },
      "parametersMetadata" : {
        "metadata" : { }
      }
    }, {
      "majorSchemaVersion" : 3,
      "name" : "flowmate-db",
      "properties" : { },
      "parameters" : { },
      "propertiesMetadata" : {
        "metadata" : { }
      },
      "parametersMetadata" : {
        "metadata" : { }
      }
    }, {
      "majorSchemaVersion" : 3,
      "name" : "flowmate-destination",
      "properties" : { },
      "parameters" : { },
      "propertiesMetadata" : {
        "metadata" : { }
      },
      "parametersMetadata" : {
        "metadata" : { }
      }
    } ],
    "providedDependencies" : [ {
      "majorSchemaVersion" : 3,
      "name" : "srv-api",
      "isPublic" : false,
      "properties" : {
        "srv-url" : "${default-url}"
      },
      "parameters" : { },
      "propertiesMetadata" : {
        "metadata" : { }
      },
      "parametersMetadata" : {
        "metadata" : { }
      }
    }, {
      "majorSchemaVersion" : 3,
      "name" : "flowmate-srv",
      "isPublic" : false,
      "properties" : { },
      "parameters" : { },
      "propertiesMetadata" : {
        "metadata" : { }
      },
      "parametersMetadata" : {
        "metadata" : { }
      }
    } ],
    "propertiesMetadata" : {
      "metadata" : { }
    },
    "parametersMetadata" : {
      "metadata" : { }
    },
    "hooks" : [ ]
  }, {
    "majorSchemaVersion" : 3,
    "name" : "flowmate-db-deployer",
    "type" : "com.sap.xs.hdi",
    "path" : "flowmate-db-deployer",
    "properties" : {
      "EXIT" : 1
    },
    "parameters" : {
      "memory" : "256M",
      "buildpack" : "nodejs_buildpack",
      "no-route" : true,
      "dependency-type" : "hard",
      "tasks" : [ {
        "name" : "deploy",
        "memory" : "256M",
        "command" : "npm start"
      } ],
      "no-start" : true
    },
    "requiredDependencies" : [ {
      "majorSchemaVersion" : 3,
      "name" : "flowmate-db",
      "properties" : { },
      "parameters" : { },
      "propertiesMetadata" : {
        "metadata" : { }
      },
      "parametersMetadata" : {
        "metadata" : { }
      }
    } ],
    "providedDependencies" : [ {
      "majorSchemaVersion" : 3,
      "name" : "flowmate-db-deployer",
      "isPublic" : false,
      "properties" : { },
      "parameters" : { },
      "propertiesMetadata" : {
        "metadata" : { }
      },
      "parametersMetadata" : {
        "metadata" : { }
      }
    } ],
    "propertiesMetadata" : {
      "metadata" : { }
    },
    "parametersMetadata" : {
      "metadata" : { }
    },
    "hooks" : [ ]
  }, {
    "majorSchemaVersion" : 3,
    "name" : "flowmate-destination-content",
    "type" : "com.sap.application.content",
    "properties" : { },
    "parameters" : {
      "content" : {
        "instance" : {
          "destinations" : [ {
            "Authentication" : "********",
            "HTML5.DynamicDestination" : true,
            "HTML5.Timeout" : 600000,
            "Name" : "srv-api",
            "TokenServiceInstanceName" : "********",
            "TokenServiceKeyName" : "********",
            "URL" : "~{srv-api/srv-url}"
          }, {
            "Name" : "flowmate-html5-repo-host",
            "ServiceInstanceName" : "flowmate-html5-repo-host",
            "ServiceKeyName" : "********",
            "sap.cloud.service" : "flowmate.service"
          }, {
            "Authentication" : "********",
            "Name" : "********",
            "ServiceInstanceName" : "********",
            "ServiceKeyName" : "********"
          }, {
            "Authentication" : "********",
            "Name" : "flowmate-common-api",
            "TokenServiceInstanceName" : "********",
            "TokenServiceKeyName" : "********",
            "URL" : "https://flowmate-common-srv-org-b-test.cfapps.ap11.hana.ondemand.com/odata/v4/flowmate-common"
          } ],
          "existing_destinations_policy" : "update"
        }
      }
    },
    "requiredDependencies" : [ {
      "majorSchemaVersion" : 3,
      "name" : "********",
      "properties" : { },
      "parameters" : {
        "service-key" : "********"
      },
      "propertiesMetadata" : {
        "metadata" : { }
      },
      "parametersMetadata" : {
        "metadata" : { }
      }
    }, {
      "majorSchemaVersion" : 3,
      "name" : "flowmate-html5-repo-host",
      "properties" : { },
      "parameters" : {
        "service-key" : "********"
      },
      "propertiesMetadata" : {
        "metadata" : { }
      },
      "parametersMetadata" : {
        "metadata" : { }
      }
    }, {
      "majorSchemaVersion" : 3,
      "name" : "srv-api",
      "properties" : { },
      "parameters" : { },
      "propertiesMetadata" : {
        "metadata" : { }
      },
      "parametersMetadata" : {
        "metadata" : { }
      }
    }, {
      "majorSchemaVersion" : 3,
      "name" : "********",
      "properties" : { },
      "parameters" : {
        "service-key" : "********"
      },
      "propertiesMetadata" : {
        "metadata" : { }
      },
      "parametersMetadata" : {
        "metadata" : { }
      }
    }, {
      "majorSchemaVersion" : 3,
      "name" : "flowmate-destination",
      "properties" : { },
      "parameters" : {
        "content-target" : true
      },
      "propertiesMetadata" : {
        "metadata" : { }
      },
      "parametersMetadata" : {
        "metadata" : { }
      }
    } ],
    "providedDependencies" : [ {
      "majorSchemaVersion" : 3,
      "name" : "flowmate-destination-content",
      "isPublic" : false,
      "properties" : { },
      "parameters" : { },
      "propertiesMetadata" : {
        "metadata" : { }
      },
      "parametersMetadata" : {
        "metadata" : { }
      }
    } ],
    "propertiesMetadata" : {
      "metadata" : { }
    },
    "parametersMetadata" : {
      "metadata" : { }
    },
    "hooks" : [ ]
  } ],
  "resources" : [ {
    "majorSchemaVersion" : 3,
    "name" : "flowmate-destination",
    "type" : "org.cloudfoundry.managed-service",
    "properties" : { },
    "parameters" : {
      "service-plan" : "lite",
      "type" : "managed-service",
      "config" : {
        "HTML5Runtime_enabled" : true,
        "init_data" : {
          "instance" : {
            "destinations" : [ ],
            "existing_destinations_policy" : "update"
          }
        }
      },
      "service" : "destination"
    },
    "isActive" : true,
    "isOptional" : false,
    "propertiesMetadata" : {
      "metadata" : { }
    },
    "parametersMetadata" : {
      "metadata" : { }
    },
    "requiredDependencies" : [ ],
    "processedAfter" : [ ]
  }, {
    "majorSchemaVersion" : 3,
    "name" : "flowmate-html5-runtime",
    "type" : "org.cloudfoundry.managed-service",
    "properties" : { },
    "parameters" : {
      "type" : "managed-service",
      "service" : "html5-apps-repo",
      "service-plan" : "app-runtime"
    },
    "isActive" : true,
    "isOptional" : false,
    "propertiesMetadata" : {
      "metadata" : { }
    },
    "parametersMetadata" : {
      "metadata" : { }
    },
    "requiredDependencies" : [ ],
    "processedAfter" : [ ]
  }, {
    "majorSchemaVersion" : 3,
    "name" : "flowmate-html5-repo-host",
    "type" : "org.cloudfoundry.managed-service",
    "properties" : { },
    "parameters" : {
      "type" : "managed-service",
      "service" : "html5-apps-repo",
      "service-plan" : "app-host"
    },
    "isActive" : true,
    "isOptional" : false,
    "propertiesMetadata" : {
      "metadata" : { }
    },
    "parametersMetadata" : {
      "metadata" : { }
    },
    "requiredDependencies" : [ ],
    "processedAfter" : [ ]
  }, {
    "majorSchemaVersion" : 3,
    "name" : "********",
    "type" : "org.cloudfoundry.managed-service",
    "properties" : { },
    "parameters" : {
      "path" : "./xs-security.json",
      "service-plan" : "application",
      "type" : "managed-service",
      "config" : {
        "tenant-mode" : "dedicated",
        "xsappname" : "flowmate-${space}"
      },
      "service" : "xsuaa"
    },
    "isActive" : true,
    "isOptional" : false,
    "propertiesMetadata" : {
      "metadata" : { }
    },
    "parametersMetadata" : {
      "metadata" : { }
    },
    "requiredDependencies" : [ ],
    "processedAfter" : [ ]
  }, {
    "majorSchemaVersion" : 3,
    "name" : "********",
    "type" : "org.cloudfoundry.managed-service",
    "properties" : { },
    "parameters" : {
      "path" : "./xs-security-api.json",
      "service-name" : "********",
      "service-plan" : "application",
      "type" : "managed-service",
      "service" : "xsuaa"
    },
    "isActive" : true,
    "isOptional" : false,
    "propertiesMetadata" : {
      "metadata" : { }
    },
    "parametersMetadata" : {
      "metadata" : { }
    },
    "requiredDependencies" : [ ],
    "processedAfter" : [ ]
  }, {
    "majorSchemaVersion" : 3,
    "name" : "flowmate-db",
    "type" : "com.sap.xs.hdi-container",
    "properties" : { },
    "parameters" : {
      "type" : "managed-service",
      "service" : "hana",
      "service-plan" : "hdi-shared"
    },
    "isActive" : true,
    "isOptional" : false,
    "propertiesMetadata" : {
      "metadata" : { }
    },
    "parametersMetadata" : {
      "metadata" : { }
    },
    "requiredDependencies" : [ ],
    "processedAfter" : [ ]
  }, {
    "majorSchemaVersion" : 3,
    "name" : "********",
    "type" : "org.cloudfoundry.existing-service",
    "properties" : { },
    "parameters" : {
      "type" : "existing-service",
      "service-name" : "********"
    },
    "isActive" : true,
    "isOptional" : false,
    "propertiesMetadata" : {
      "metadata" : { }
    },
    "parametersMetadata" : {
      "metadata" : { }
    },
    "requiredDependencies" : [ ],
    "processedAfter" : [ ]
  } ],
  "parameters" : {
    "enable-parallel-deployments" : true,
    "deploy_mode" : "html5-repo"
  },
  "parametersMetadata" : {
    "metadata" : { }
  }
}#
#2026 08 15 16:14:25.711#Z#DEBUG#61dc8624-98c4-11f1-8cc9-eeee0a994573.OPERATION#flowable-async-job-executor-thread-131#
[MergeDescriptorsStep] Descriptors validated and merged#
#2026 08 15 16:14:25.711#Z#DEBUG#61dc8624-98c4-11f1-8cc9-eeee0a994573.OPERATION#flowable-async-job-executor-thread-131#
Step "Merge Descriptors" finished#
#2026 08 15 16:14:25.755#Z#DEBUG#61dc8624-98c4-11f1-8cc9-eeee0a994573.OPERATION#flowable-async-job-executor-thread-132#
[DetectDeployedMtaStep] Executing task "detectDeployedMtaTask" of process "61dcad5a-98c4-11f1-8cc9-eeee0a994573"...#
#2026 08 15 16:14:25.756#Z#DEBUG#61dc8624-98c4-11f1-8cc9-eeee0a994573.OPERATION#flowable-async-job-executor-thread-132#
[DetectDeployedMtaStep] Detecting deployed MTA...#
#2026 08 15 16:14:25.865#Z#DEBUG#61dc8624-98c4-11f1-8cc9-eeee0a994573.OPERATION#flowable-async-job-executor-thread-132#
[DetectDeployedMtaStep] Detecting MTA by id flowmate and namespace null#
#2026 08 15 16:14:25.865#Z#DEBUG#61dc8624-98c4-11f1-8cc9-eeee0a994573.OPERATION#flowable-async-job-executor-thread-132#
[DetectDeployedMtaStep] Getting applications by metadata label selector "mta_id=084e1a9e1bfdfa7da01e493afb23fbc1,!mta_namespace"...#
#2026 08 15 16:14:25.913#Z#DEBUG#61dc8624-98c4-11f1-8cc9-eeee0a994573.OPERATION#flowable-async-job-executor-thread-132#
[DetectDeployedMtaStep] Getting service instances by metadata label selector "mta_id=084e1a9e1bfdfa7da01e493afb23fbc1,!mta_namespace"...#
#2026 08 15 16:14:26.045#Z#DEBUG#61dc8624-98c4-11f1-8cc9-eeee0a994573.OPERATION#flowable-async-job-executor-thread-132#
[DetectDeployedMtaStep] Deployed MTA: {
  "metadata" : {
    "id" : "flowmate",
    "version" : "1.0.0"
  },
  "applications" : [ {
    "name" : "flowmate-db-deployer",
    "metadata" : {
      "guid" : "7a73a120-d7c2-430c-b2e2-8bbf048bb5ff",
      "createdAt" : [ 2026, 6, 26, 8, 49, 6 ],
      "updatedAt" : [ 2026, 8, 10, 13, 39, 19 ]
    },
    "v3Metadata" : {
      "annotations" : {
        "mta_id" : "flowmate",
        "mta_version" : "1.0.0",
        "mta_module" : "{\"name\":\"flowmate-db-deployer\"}",
        "mta_module_provided_dependencies" : "[]",
        "mta_bound_services" : "[\"flowmate-db\"]"
      },
      "labels" : {
        "mta_id" : "084e1a9e1bfdfa7da01e493afb23fbc1"
      }
    },
    "state" : "STOPPED",
    "lifecycle" : {
      "type" : "BUILDPACK",
      "data" : {
        "buildpacks" : [ "nodejs_buildpack" ],
        "stack" : "cflinuxfs4"
      }
    },
    "space" : {
      "name" : "org-b/test",
      "metadata" : {
        "guid" : "19e2d49e-f313-4069-98bd-9ace838bf9d4",
        "createdAt" : [ 2026, 6, 11, 7, 41, 18 ],
        "updatedAt" : [ 2026, 6, 11, 7, 41, 18 ]
      },
      "organization" : {
        "name" : "Dialog Axiata Plc_arize-qas-9339ozek-org-a-qas",
        "metadata" : {
          "guid" : "2f6d9c67-9231-4b6a-b63a-11b4a129b005",
          "createdAt" : [ 2026, 6, 11, 7, 40, 28 ],
          "updatedAt" : [ 2026, 6, 15, 9, 46, 10 ]
        }
      }
    },
    "moduleName" : "flowmate-db-deployer",
    "boundMtaServices" : [ "flowmate-db" ],
    "providedDependencyNames" : [ ],
    "productizationState" : "LIVE"
  }, {
    "name" : "flowmate-srv",
    "metadata" : {
      "guid" : "2a2de465-8e9c-4672-82f1-daa9609a431b",
      "createdAt" : [ 2026, 6, 26, 8, 49, 6 ],
      "updatedAt" : [ 2026, 8, 10, 13, 40, 19 ]
    },
    "v3Metadata" : {
      "annotations" : {
        "mta_id" : "flowmate",
        "mta_version" : "1.0.0",
        "mta_module" : "{\"name\":\"flowmate-srv\"}",
        "mta_module_provided_dependencies" : "[]",
        "mta_bound_services" : "********"
      },
      "labels" : {
        "mta_id" : "084e1a9e1bfdfa7da01e493afb23fbc1"
      }
    },
    "state" : "STARTED",
    "lifecycle" : {
      "type" : "BUILDPACK",
      "data" : {
        "buildpacks" : [ "nodejs_buildpack" ],
        "stack" : "cflinuxfs4"
      }
    },
    "space" : {
      "name" : "org-b/test",
      "metadata" : {
        "guid" : "19e2d49e-f313-4069-98bd-9ace838bf9d4",
        "createdAt" : [ 2026, 6, 11, 7, 41, 18 ],
        "updatedAt" : [ 2026, 6, 11, 7, 41, 18 ]
      },
      "organization" : {
        "name" : "Dialog Axiata Plc_arize-qas-9339ozek-org-a-qas",
        "metadata" : {
          "guid" : "2f6d9c67-9231-4b6a-b63a-11b4a129b005",
          "createdAt" : [ 2026, 6, 11, 7, 40, 28 ],
          "updatedAt" : [ 2026, 6, 15, 9, 46, 10 ]
        }
      }
    },
    "moduleName" : "flowmate-srv",
    "boundMtaServices" : [ "********", "flowmate-db", "flowmate-destination" ],
    "providedDependencyNames" : [ ],
    "productizationState" : "LIVE"
  }, {
    "name" : "flowmate-approuter",
    "metadata" : {
      "guid" : "d800c8e4-41c9-4630-8ddc-f8cf5f4e3f21",
      "createdAt" : [ 2026, 6, 26, 8, 49, 9 ],
      "updatedAt" : [ 2026, 8, 10, 13, 39, 49 ]
    },
    "v3Metadata" : {
      "annotations" : {
        "mta_id" : "flowmate",
        "mta_version" : "1.0.0",
        "mta_module" : "{\"name\":\"flowmate-approuter\"}",
        "mta_module_provided_dependencies" : "[]",
        "mta_bound_services" : "********"
      },
      "labels" : {
        "mta_id" : "084e1a9e1bfdfa7da01e493afb23fbc1"
      }
    },
    "state" : "STARTED",
    "lifecycle" : {
      "type" : "BUILDPACK",
      "data" : {
        "buildpacks" : [ "nodejs_buildpack" ],
        "stack" : "cflinuxfs4"
      }
    },
    "space" : {
      "name" : "org-b/test",
      "metadata" : {
        "guid" : "19e2d49e-f313-4069-98bd-9ace838bf9d4",
        "createdAt" : [ 2026, 6, 11, 7, 41, 18 ],
        "updatedAt" : [ 2026, 6, 11, 7, 41, 18 ]
      },
      "organization" : {
        "name" : "Dialog Axiata Plc_arize-qas-9339ozek-org-a-qas",
        "metadata" : {
          "guid" : "2f6d9c67-9231-4b6a-b63a-11b4a129b005",
          "createdAt" : [ 2026, 6, 11, 7, 40, 28 ],
          "updatedAt" : [ 2026, 6, 15, 9, 46, 10 ]
        }
      }
    },
    "moduleName" : "flowmate-approuter",
    "boundMtaServices" : [ "********", "flowmate-html5-runtime", "flowmate-destination" ],
    "providedDependencyNames" : [ ],
    "productizationState" : "LIVE"
  } ],
  "services" : [ {
    "name" : "flowmate-html5-runtime",
    "metadata" : {
      "guid" : "a237bfc5-d57c-4205-aeeb-303e63bfe072",
      "createdAt" : [ 2026, 6, 25, 14, 46, 12 ],
      "updatedAt" : [ 2026, 6, 25, 14, 46, 13 ]
    },
    "v3Metadata" : {
      "annotations" : {
        "mta_id" : "flowmate",
        "mta_version" : "1.0.0",
        "mta_resource" : "{\"name\":\"flowmate-html5-runtime\"}"
      },
      "labels" : {
        "mta_id" : "084e1a9e1bfdfa7da01e493afb23fbc1"
      }
    },
    "label" : "html5-apps-repo",
    "plan" : "app-runtime",
    "credentials" : "********",
    "tags" : [ ],
    "type" : "managed",
    "lastOperation" : {
      "type" : "CREATE",
      "description" : "",
      "state" : "SUCCEEDED"
    },
    "resourceName" : "flowmate-html5-runtime"
  }, {
    "name" : "flowmate-html5-repo-host",
    "metadata" : {
      "guid" : "73c7eb23-c1f2-4f3f-9b41-40fd128e6b5c",
      "createdAt" : [ 2026, 6, 25, 14, 46, 14 ],
      "updatedAt" : [ 2026, 6, 25, 14, 46, 16 ]
    },
    "v3Metadata" : {
      "annotations" : {
        "mta_id" : "flowmate",
        "mta_version" : "1.0.0",
        "mta_resource" : "{\"name\":\"flowmate-html5-repo-host\"}"
      },
      "labels" : {
        "mta_id" : "084e1a9e1bfdfa7da01e493afb23fbc1"
      }
    },
    "label" : "html5-apps-repo",
    "plan" : "app-host",
    "credentials" : "********",
    "tags" : [ ],
    "type" : "managed",
    "lastOperation" : {
      "type" : "CREATE",
      "description" : "",
      "state" : "SUCCEEDED"
    },
    "resourceName" : "flowmate-html5-repo-host"
  }, {
    "name" : "flowmate-db",
    "metadata" : {
      "guid" : "2ec03c65-02cd-47ca-86f2-9196c91ca3af",
      "createdAt" : [ 2026, 6, 26, 8, 48, 51 ],
      "updatedAt" : [ 2026, 6, 26, 8, 48, 51 ]
    },
    "v3Metadata" : {
      "annotations" : {
        "mta_id" : "flowmate",
        "mta_version" : "1.0.0",
        "mta_resource" : "{\"name\":\"flowmate-db\"}"
      },
      "labels" : {
        "mta_id" : "084e1a9e1bfdfa7da01e493afb23fbc1"
      }
    },
    "label" : "hana",
    "plan" : "hdi-shared",
    "credentials" : "********",
    "tags" : [ ],
    "type" : "managed",
    "lastOperation" : {
      "type" : "CREATE",
      "state" : "SUCCEEDED"
    },
    "resourceName" : "flowmate-db"
  }, {
    "name" : "flowmate-destination",
    "metadata" : {
      "guid" : "ea301e44-3292-414f-9511-3b89eca0303f",
      "createdAt" : [ 2026, 6, 25, 14, 46, 12 ],
      "updatedAt" : [ 2026, 6, 25, 14, 46, 16 ]
    },
    "v3Metadata" : {
      "annotations" : {
        "mta_id" : "flowmate",
        "mta_version" : "1.0.0",
        "mta_resource" : "{\"name\":\"flowmate-destination\"}"
      },
      "labels" : {
        "mta_id" : "084e1a9e1bfdfa7da01e493afb23fbc1"
      }
    },
    "label" : "destination",
    "plan" : "lite",
    "credentials" : "********",
    "tags" : [ ],
    "type" : "managed",
    "lastOperation" : {
      "type" : "UPDATE",
      "description" : "",
      "state" : "SUCCEEDED"
    },
    "resourceName" : "flowmate-destination"
  }, {
    "name" : "********",
    "metadata" : {
      "guid" : "305a35ad-a103-4c2b-816f-f04cb826df48",
      "createdAt" : [ 2026, 6, 25, 14, 46, 12 ],
      "updatedAt" : [ 2026, 6, 25, 14, 46, 13 ]
    },
    "v3Metadata" : {
      "annotations" : {
        "mta_id" : "flowmate",
        "mta_version" : "1.0.0",
        "mta_resource" : "********"
      },
      "labels" : {
        "mta_id" : "084e1a9e1bfdfa7da01e493afb23fbc1"
      }
    },
    "label" : "xsuaa",
    "plan" : "application",
    "credentials" : "********",
    "tags" : [ ],
    "type" : "managed",
    "lastOperation" : {
      "type" : "UPDATE",
      "description" : "",
      "state" : "SUCCEEDED"
    },
    "resourceName" : "********"
  }, {
    "name" : "********",
    "metadata" : {
      "guid" : "5cea3cce-ddbd-42df-bcbe-7835e984bfbf",
      "createdAt" : [ 2026, 7, 19, 13, 41, 48 ],
      "updatedAt" : [ 2026, 7, 19, 13, 41, 48 ]
    },
    "v3Metadata" : {
      "annotations" : {
        "mta_id" : "flowmate",
        "mta_version" : "1.0.0",
        "mta_resource" : "********"
      },
      "labels" : {
        "mta_id" : "084e1a9e1bfdfa7da01e493afb23fbc1"
      }
    },
    "label" : "xsuaa",
    "plan" : "application",
    "credentials" : "********",
    "tags" : [ ],
    "type" : "managed",
    "lastOperation" : {
      "type" : "UPDATE",
      "description" : "",
      "state" : "SUCCEEDED"
    },
    "resourceName" : "********"
  } ]
}#
#2026 08 15 16:14:26.045#Z#INFO#61dc8624-98c4-11f1-8cc9-eeee0a994573.OPERATION#flowable-async-job-executor-thread-132#
[DetectDeployedMtaStep] Detected deployed MTA with ID "flowmate" and version "1.0.0"#
#2026 08 15 16:14:26.053#Z#DEBUG#61dc8624-98c4-11f1-8cc9-eeee0a994573.OPERATION#flowable-async-job-executor-thread-132#
[DetectDeployedMtaStep] Detecting backup mta by id "flowmate" and namespace "null"#
#2026 08 15 16:14:26.053#Z#DEBUG#61dc8624-98c4-11f1-8cc9-eeee0a994573.OPERATION#flowable-async-job-executor-thread-132#
[DetectDeployedMtaStep] Getting applications by metadata label selector "mta_id=084e1a9e1bfdfa7da01e493afb23fbc1,mta_namespace=b698114a0995e936895b9598a6c19a2c"...#
#2026 08 15 16:14:26.084#Z#DEBUG#61dc8624-98c4-11f1-8cc9-eeee0a994573.OPERATION#flowable-async-job-executor-thread-132#
[DetectDeployedMtaStep] Getting service instances by metadata label selector "mta_id=084e1a9e1bfdfa7da01e493afb23fbc1,mta_namespace=b698114a0995e936895b9598a6c19a2c"...#
#2026 08 15 16:14:26.167#Z#DEBUG#61dc8624-98c4-11f1-8cc9-eeee0a994573.OPERATION#flowable-async-job-executor-thread-132#
[DetectDeployedMtaStep] Deployed MTA service keys: [ {
  "name" : "********",
  "metadata" : {
    "guid" : "02057e11-55b0-41bf-a9d4-88e5295cf026",
    "createdAt" : [ 2026, 6, 26, 8, 49, 3 ],
    "updatedAt" : [ 2026, 6, 26, 8, 49, 4 ]
  },
  "v3Metadata" : {
    "annotations" : {
      "mta_id" : "flowmate",
      "mta_version" : "1.0.0"
    },
    "labels" : {
      "mta_id" : "084e1a9e1bfdfa7da01e493afb23fbc1",
      "space_guid" : "19e2d49e-f313-4069-98bd-9ace838bf9d4"
    }
  },
  "serviceInstance" : {
    "name" : "flowmate-html5-repo-host",
    "metadata" : {
      "guid" : "73c7eb23-c1f2-4f3f-9b41-40fd128e6b5c",
      "createdAt" : [ 2026, 6, 25, 14, 46, 14 ],
      "updatedAt" : [ 2026, 6, 25, 14, 46, 16 ]
    },
    "v3Metadata" : {
      "annotations" : {
        "mta_id" : "flowmate",
        "mta_version" : "1.0.0",
        "mta_resource" : "{\"name\":\"flowmate-html5-repo-host\"}"
      },
      "labels" : {
        "mta_id" : "084e1a9e1bfdfa7da01e493afb23fbc1"
      }
    },
    "credentials" : "********",
    "tags" : [ ],
    "type" : "managed"
  }
}, {
  "name" : "********",
  "metadata" : {
    "guid" : "4bddba07-e6e5-4dd0-b1c3-9a424415eb59",
    "createdAt" : [ 2026, 6, 26, 8, 49, 6 ],
    "updatedAt" : [ 2026, 6, 26, 8, 49, 7 ]
  },
  "v3Metadata" : {
    "annotations" : {
      "mta_id" : "flowmate",
      "mta_version" : "1.0.0"
    },
    "labels" : {
      "mta_id" : "084e1a9e1bfdfa7da01e493afb23fbc1",
      "space_guid" : "19e2d49e-f313-4069-98bd-9ace838bf9d4"
    }
  },
  "serviceInstance" : {
    "name" : "flowmate-destination",
    "metadata" : {
      "guid" : "ea301e44-3292-414f-9511-3b89eca0303f",
      "createdAt" : [ 2026, 6, 25, 14, 46, 12 ],
      "updatedAt" : [ 2026, 6, 25, 14, 46, 16 ]
    },
    "v3Metadata" : {
      "annotations" : {
        "mta_id" : "flowmate",
        "mta_version" : "1.0.0",
        "mta_resource" : "{\"name\":\"flowmate-destination\"}"
      },
      "labels" : {
        "mta_id" : "084e1a9e1bfdfa7da01e493afb23fbc1"
      }
    },
    "credentials" : "********",
    "tags" : [ ],
    "type" : "managed"
  }
}, {
  "name" : "********",
  "metadata" : {
    "guid" : "2eff4149-77f3-461a-a1ef-47a5cacc70ef",
    "createdAt" : [ 2026, 6, 26, 8, 49, 6 ],
    "updatedAt" : [ 2026, 6, 26, 8, 49, 7 ]
  },
  "v3Metadata" : {
    "annotations" : {
      "mta_id" : "flowmate",
      "mta_version" : "1.0.0"
    },
    "labels" : {
      "mta_id" : "084e1a9e1bfdfa7da01e493afb23fbc1",
      "space_guid" : "19e2d49e-f313-4069-98bd-9ace838bf9d4"
    }
  },
  "serviceInstance" : {
    "name" : "flowmate-html5-repo-host",
    "metadata" : {
      "guid" : "73c7eb23-c1f2-4f3f-9b41-40fd128e6b5c",
      "createdAt" : [ 2026, 6, 25, 14, 46, 14 ],
      "updatedAt" : [ 2026, 6, 25, 14, 46, 16 ]
    },
    "v3Metadata" : {
      "annotations" : {
        "mta_id" : "flowmate",
        "mta_version" : "1.0.0",
        "mta_resource" : "{\"name\":\"flowmate-html5-repo-host\"}"
      },
      "labels" : {
        "mta_id" : "084e1a9e1bfdfa7da01e493afb23fbc1"
      }
    },
    "credentials" : "********",
    "tags" : [ ],
    "type" : "managed"
  }
}, {
  "name" : "********",
  "metadata" : {
    "guid" : "ac40978e-6833-4073-bbaa-3d6b26413266",
    "createdAt" : [ 2026, 6, 26, 8, 49, 6 ],
    "updatedAt" : [ 2026, 6, 26, 8, 49, 7 ]
  },
  "v3Metadata" : {
    "annotations" : {
      "mta_id" : "flowmate",
      "mta_version" : "1.0.0"
    },
    "labels" : {
      "mta_id" : "084e1a9e1bfdfa7da01e493afb23fbc1",
      "space_guid" : "19e2d49e-f313-4069-98bd-9ace838bf9d4"
    }
  },
  "serviceInstance" : {
    "name" : "********",
    "metadata" : {
      "guid" : "305a35ad-a103-4c2b-816f-f04cb826df48",
      "createdAt" : [ 2026, 6, 25, 14, 46, 12 ],
      "updatedAt" : [ 2026, 6, 25, 14, 46, 13 ]
    },
    "v3Metadata" : {
      "annotations" : {
        "mta_id" : "flowmate",
        "mta_version" : "1.0.0",
        "mta_resource" : "********"
      },
      "labels" : {
        "mta_id" : "084e1a9e1bfdfa7da01e493afb23fbc1"
      }
    },
    "credentials" : "********",
    "tags" : [ ],
    "type" : "managed"
  }
} ]#
#2026 08 15 16:14:26.167#Z#DEBUG#61dc8624-98c4-11f1-8cc9-eeee0a994573.OPERATION#flowable-async-job-executor-thread-132#
Step "Detect Deployed MTA" finished#
#2026 08 15 16:14:26.215#Z#DEBUG#61dc8624-98c4-11f1-8cc9-eeee0a994573.OPERATION#flowable-async-job-executor-thread-133#
[XS2CollectSystemParametersStep] Executing task "collectSystemParametersTask" of process "61dcad5a-98c4-11f1-8cc9-eeee0a994573"...#
#2026 08 15 16:14:26.216#Z#DEBUG#61dc8624-98c4-11f1-8cc9-eeee0a994573.OPERATION#flowable-async-job-executor-thread-133#
[XS2CollectSystemParametersStep] Collecting system parameters...#
#2026 08 15 16:14:26.217#Z#DEBUG#61dc8624-98c4-11f1-8cc9-eeee0a994573.OPERATION#flowable-async-job-executor-thread-133#
[XS2CollectSystemParametersStep] Getting default domain...#
#2026 08 15 16:14:26.248#Z#DEBUG#61dc8624-98c4-11f1-8cc9-eeee0a994573.OPERATION#flowable-async-job-executor-thread-133#
[XS2CollectSystemParametersStep] Default domain: cfapps.ap11.hana.ondemand.com#
#2026 08 15 16:14:26.251#Z#DEBUG#61dc8624-98c4-11f1-8cc9-eeee0a994573.OPERATION#flowable-async-job-executor-thread-133#
[XS2CollectSystemParametersStep] Checking for overwriting read-only parameters for mta with id: "flowmate"#
#2026 08 15 16:14:26.251#Z#DEBUG#61dc8624-98c4-11f1-8cc9-eeee0a994573.OPERATION#flowable-async-job-executor-thread-133#
[XS2CollectSystemParametersStep] No read-only parameters are overwritten#
#2026 08 15 16:14:26.273#Z#DEBUG#61dc8624-98c4-11f1-8cc9-eeee0a994573.OPERATION#flowable-async-job-executor-thread-133#
[XS2CollectSystemParametersStep] Descriptor with system parameters: {
  "majorSchemaVersion" : 3,
  "schemaVersion" : "3.3.0",
  "id" : "flowmate",
  "version" : "1.0.0",
  "modules" : [ {
    "majorSchemaVersion" : 3,
    "name" : "flowmate-app-content",
    "type" : "com.sap.application.content",
    "path" : "flowmate-app-content",
    "properties" : { },
    "parameters" : {
      "default-url" : "${protocol}://${default-uri}",
      "default-app-name" : "flowmate-app-content",
      "generated-password" : "********",
      "default-live-url" : "${protocol}://${default-live-uri}",
      "default-uri" : "${host}.${domain}",
      "default-instances" : 1,
      "default-live-host" : "dialog-axiata-plc-arize-qas-9339ozek-org-a-qas-org-b-te6a73593b",
      "instances" : "${default-instances}",
      "default-host" : "dialog-axiata-plc-arize-qas-9339ozek-org-a-qas-org-b-te6a73593b",
      "app-name" : "${default-app-name}",
      "default-live-uri" : "dialog-axiata-plc-arize-qas-9339ozek-org-a-qas-org-b-te6a73593b.${domain}",
      "protocol" : "https",
      "default-live-app-name" : "flowmate-app-content",
      "default-live-domain" : "cfapps.ap11.hana.ondemand.com",
      "domain" : "${default-domain}",
      "host" : "${default-host}",
      "generated-user" : "********"
    },
    "requiredDependencies" : [ {
      "majorSchemaVersion" : 3,
      "name" : "flowmate-html5-repo-host",
      "properties" : { },
      "parameters" : {
        "content-target" : true
      },
      "propertiesMetadata" : {
        "metadata" : { }
      },
      "parametersMetadata" : {
        "metadata" : { }
      }
    } ],
    "providedDependencies" : [ {
      "majorSchemaVersion" : 3,
      "name" : "flowmate-app-content",
      "isPublic" : false,
      "properties" : { },
      "parameters" : { },
      "propertiesMetadata" : {
        "metadata" : { }
      },
      "parametersMetadata" : {
        "metadata" : { }
      }
    } ],
    "propertiesMetadata" : {
      "metadata" : { }
    },
    "parametersMetadata" : {
      "metadata" : { }
    },
    "hooks" : [ ]
  }, {
    "majorSchemaVersion" : 3,
    "name" : "flowmate-approuter",
    "type" : "javascript.nodejs",
    "path" : "flowmate-approuter",
    "properties" : {
      "INCOMING_CONNECTION_TIMEOUT" : 600000
    },
    "parameters" : {
      "default-url" : "${protocol}://${default-uri}",
      "default-app-name" : "flowmate-approuter",
      "generated-password" : "********",
      "default-live-url" : "${protocol}://${default-live-uri}",
      "default-uri" : "${host}.${domain}",
      "memory" : "256M",
      "default-instances" : 1,
      "default-live-host" : "dialog-axiata-plc-arize-qas-9339ozek-org-a-qas-org-b-te3bf718a2",
      "instances" : 1,
      "buildpack" : "nodejs_buildpack",
      "default-host" : "dialog-axiata-plc-arize-qas-9339ozek-org-a-qas-org-b-te3bf718a2",
      "app-name" : "${default-app-name}",
      "default-live-uri" : "dialog-axiata-plc-arize-qas-9339ozek-org-a-qas-org-b-te3bf718a2.${domain}",
      "protocol" : "https",
      "default-live-app-name" : "flowmate-approuter",
      "default-live-domain" : "cfapps.ap11.hana.ondemand.com",
      "disk-quota" : "512M",
      "domain" : "${default-domain}",
      "host" : "${default-host}",
      "generated-user" : "********"
    },
    "requiredDependencies" : [ {
      "majorSchemaVersion" : 3,
      "name" : "********",
      "properties" : { },
      "parameters" : { },
      "propertiesMetadata" : {
        "metadata" : { }
      },
      "parametersMetadata" : {
        "metadata" : { }
      }
    }, {
      "majorSchemaVersion" : 3,
      "name" : "flowmate-html5-runtime",
      "properties" : { },
      "parameters" : { },
      "propertiesMetadata" : {
        "metadata" : { }
      },
      "parametersMetadata" : {
        "metadata" : { }
      }
    }, {
      "majorSchemaVersion" : 3,
      "name" : "flowmate-destination",
      "properties" : { },
      "parameters" : { },
      "propertiesMetadata" : {
        "metadata" : { }
      },
      "parametersMetadata" : {
        "metadata" : { }
      }
    }, {
      "majorSchemaVersion" : 3,
      "name" : "srv-api",
      "group" : "destinations",
      "properties" : {
        "name" : "srv-api",
        "forwardAuthToken" : "********",
        "timeout" : 600000,
        "url" : "~{srv-url}"
      },
      "parameters" : { },
      "propertiesMetadata" : {
        "metadata" : { }
      },
      "parametersMetadata" : {
        "metadata" : { }
      }
    } ],
    "providedDependencies" : [ {
      "majorSchemaVersion" : 3,
      "name" : "flowmate-approuter",
      "isPublic" : false,
      "properties" : { },
      "parameters" : { },
      "propertiesMetadata" : {
        "metadata" : { }
      },
      "parametersMetadata" : {
        "metadata" : { }
      }
    } ],
    "propertiesMetadata" : {
      "metadata" : { }
    },
    "parametersMetadata" : {
      "metadata" : { }
    },
    "hooks" : [ ]
  }, {
    "majorSchemaVersion" : 3,
    "name" : "flowmate-srv",
    "type" : "javascript.nodejs",
    "path" : "flowmate-srv",
    "properties" : { },
    "parameters" : {
      "default-url" : "${protocol}://${default-uri}",
      "default-app-name" : "flowmate-srv",
      "generated-password" : "********",
      "default-live-url" : "${protocol}://${default-live-uri}",
      "default-uri" : "${host}.${domain}",
      "default-instances" : 1,
      "default-live-host" : "dialog-axiata-plc-arize-qas-9339ozek-org-a-qas-org-b-te48c9fbef",
      "instances" : 1,
      "buildpack" : "nodejs_buildpack",
      "default-host" : "dialog-axiata-plc-arize-qas-9339ozek-org-a-qas-org-b-te48c9fbef",
      "app-name" : "${default-app-name}",
      "default-live-uri" : "dialog-axiata-plc-arize-qas-9339ozek-org-a-qas-org-b-te48c9fbef.${domain}",
      "protocol" : "https",
      "default-live-app-name" : "flowmate-srv",
      "default-live-domain" : "cfapps.ap11.hana.ondemand.com",
      "domain" : "${default-domain}",
      "host" : "${default-host}",
      "generated-user" : "********"
    },
    "requiredDependencies" : [ {
      "majorSchemaVersion" : 3,
      "name" : "********",
      "properties" : { },
      "parameters" : { },
      "propertiesMetadata" : {
        "metadata" : { }
      },
      "parametersMetadata" : {
        "metadata" : { }
      }
    }, {
      "majorSchemaVersion" : 3,
      "name" : "flowmate-db",
      "properties" : { },
      "parameters" : { },
      "propertiesMetadata" : {
        "metadata" : { }
      },
      "parametersMetadata" : {
        "metadata" : { }
      }
    }, {
      "majorSchemaVersion" : 3,
      "name" : "flowmate-destination",
      "properties" : { },
      "parameters" : { },
      "propertiesMetadata" : {
        "metadata" : { }
      },
      "parametersMetadata" : {
        "metadata" : { }
      }
    } ],
    "providedDependencies" : [ {
      "majorSchemaVersion" : 3,
      "name" : "srv-api",
      "isPublic" : false,
      "properties" : {
        "srv-url" : "${default-url}"
      },
      "parameters" : { },
      "propertiesMetadata" : {
        "metadata" : { }
      },
      "parametersMetadata" : {
        "metadata" : { }
      }
    }, {
      "majorSchemaVersion" : 3,
      "name" : "flowmate-srv",
      "isPublic" : false,
      "properties" : { },
      "parameters" : { },
      "propertiesMetadata" : {
        "metadata" : { }
      },
      "parametersMetadata" : {
        "metadata" : { }
      }
    } ],
    "propertiesMetadata" : {
      "metadata" : { }
    },
    "parametersMetadata" : {
      "metadata" : { }
    },
    "hooks" : [ ]
  }, {
    "majorSchemaVersion" : 3,
    "name" : "flowmate-db-deployer",
    "type" : "com.sap.xs.hdi",
    "path" : "flowmate-db-deployer",
    "properties" : {
      "EXIT" : 1
    },
    "parameters" : {
      "default-url" : "${protocol}://${default-uri}",
      "default-app-name" : "flowmate-db-deployer",
      "generated-password" : "********",
      "default-live-url" : "${protocol}://${default-live-uri}",
      "default-uri" : "${host}.${domain}",
      "memory" : "256M",
      "default-instances" : 1,
      "no-route" : true,
      "default-live-host" : "dialog-axiata-plc-arize-qas-9339ozek-org-a-qas-org-b-te18eeb5c5",
      "instances" : "${default-instances}",
      "buildpack" : "nodejs_buildpack",
      "default-host" : "dialog-axiata-plc-arize-qas-9339ozek-org-a-qas-org-b-te18eeb5c5",
      "app-name" : "${default-app-name}",
      "default-live-uri" : "dialog-axiata-plc-arize-qas-9339ozek-org-a-qas-org-b-te18eeb5c5.${domain}",
      "protocol" : "https",
      "default-live-app-name" : "flowmate-db-deployer",
      "default-live-domain" : "cfapps.ap11.hana.ondemand.com",
      "dependency-type" : "hard",
      "domain" : "${default-domain}",
      "host" : "${default-host}",
      "generated-user" : "********",
      "tasks" : [ {
        "name" : "deploy",
        "memory" : "256M",
        "command" : "npm start"
      } ],
      "no-start" : true
    },
    "requiredDependencies" : [ {
      "majorSchemaVersion" : 3,
      "name" : "flowmate-db",
      "properties" : { },
      "parameters" : { },
      "propertiesMetadata" : {
        "metadata" : { }
      },
      "parametersMetadata" : {
        "metadata" : { }
      }
    } ],
    "providedDependencies" : [ {
      "majorSchemaVersion" : 3,
      "name" : "flowmate-db-deployer",
      "isPublic" : false,
      "properties" : { },
      "parameters" : { },
      "propertiesMetadata" : {
        "metadata" : { }
      },
      "parametersMetadata" : {
        "metadata" : { }
      }
    } ],
    "propertiesMetadata" : {
      "metadata" : { }
    },
    "parametersMetadata" : {
      "metadata" : { }
    },
    "hooks" : [ ]
  }, {
    "majorSchemaVersion" : 3,
    "name" : "flowmate-destination-content",
    "type" : "com.sap.application.content",
    "properties" : { },
    "parameters" : {
      "default-url" : "${protocol}://${default-uri}",
      "default-app-name" : "flowmate-destination-content",
      "generated-password" : "********",
      "default-live-url" : "${protocol}://${default-live-uri}",
      "default-uri" : "${host}.${domain}",
      "default-instances" : 1,
      "default-live-host" : "dialog-axiata-plc-arize-qas-9339ozek-org-a-qas-org-b-te5f76444e",
      "instances" : "${default-instances}",
      "default-host" : "dialog-axiata-plc-arize-qas-9339ozek-org-a-qas-org-b-te5f76444e",
      "content" : {
        "instance" : {
          "destinations" : [ {
            "Authentication" : "********",
            "HTML5.DynamicDestination" : true,
            "HTML5.Timeout" : 600000,
            "Name" : "srv-api",
            "TokenServiceInstanceName" : "********",
            "TokenServiceKeyName" : "********",
            "URL" : "~{srv-api/srv-url}"
          }, {
            "Name" : "flowmate-html5-repo-host",
            "ServiceInstanceName" : "flowmate-html5-repo-host",
            "ServiceKeyName" : "********",
            "sap.cloud.service" : "flowmate.service"
          }, {
            "Authentication" : "********",
            "Name" : "********",
            "ServiceInstanceName" : "********",
            "ServiceKeyName" : "********"
          }, {
            "Authentication" : "********",
            "Name" : "flowmate-common-api",
            "TokenServiceInstanceName" : "********",
            "TokenServiceKeyName" : "********",
            "URL" : "https://flowmate-common-srv-org-b-test.cfapps.ap11.hana.ondemand.com/odata/v4/flowmate-common"
          } ],
          "existing_destinations_policy" : "update"
        }
      },
      "app-name" : "${default-app-name}",
      "default-live-uri" : "dialog-axiata-plc-arize-qas-9339ozek-org-a-qas-org-b-te5f76444e.${domain}",
      "protocol" : "https",
      "default-live-app-name" : "flowmate-destination-content",
      "default-live-domain" : "cfapps.ap11.hana.ondemand.com",
      "domain" : "${default-domain}",
      "host" : "${default-host}",
      "generated-user" : "********"
    },
    "requiredDependencies" : [ {
      "majorSchemaVersion" : 3,
      "name" : "********",
      "properties" : { },
      "parameters" : {
        "service-key" : "********"
      },
      "propertiesMetadata" : {
        "metadata" : { }
      },
      "parametersMetadata" : {
        "metadata" : { }
      }
    }, {
      "majorSchemaVersion" : 3,
      "name" : "flowmate-html5-repo-host",
      "properties" : { },
      "parameters" : {
        "service-key" : "********"
      },
      "propertiesMetadata" : {
        "metadata" : { }
      },
      "parametersMetadata" : {
        "metadata" : { }
      }
    }, {
      "majorSchemaVersion" : 3,
      "name" : "srv-api",
      "properties" : { },
      "parameters" : { },
      "propertiesMetadata" : {
        "metadata" : { }
      },
      "parametersMetadata" : {
        "metadata" : { }
      }
    }, {
      "majorSchemaVersion" : 3,
      "name" : "********",
      "properties" : { },
      "parameters" : {
        "service-key" : "********"
      },
      "propertiesMetadata" : {
        "metadata" : { }
      },
      "parametersMetadata" : {
        "metadata" : { }
      }
    }, {
      "majorSchemaVersion" : 3,
      "name" : "flowmate-destination",
      "properties" : { },
      "parameters" : {
        "content-target" : true
      },
      "propertiesMetadata" : {
        "metadata" : { }
      },
      "parametersMetadata" : {
        "metadata" : { }
      }
    } ],
    "providedDependencies" : [ {
      "majorSchemaVersion" : 3,
      "name" : "flowmate-destination-content",
      "isPublic" : false,
      "properties" : { },
      "parameters" : { },
      "propertiesMetadata" : {
        "metadata" : { }
      },
      "parametersMetadata" : {
        "metadata" : { }
      }
    } ],
    "propertiesMetadata" : {
      "metadata" : { }
    },
    "parametersMetadata" : {
      "metadata" : { }
    },
    "hooks" : [ ]
  } ],
  "resources" : [ {
    "majorSchemaVersion" : 3,
    "name" : "flowmate-destination",
    "type" : "org.cloudfoundry.managed-service",
    "properties" : { },
    "parameters" : {
      "generated-password" : "********",
      "service-name" : "${default-service-name}",
      "service-plan" : "lite",
      "service" : "destination",
      "generated-user" : "********",
      "default-xsappname" : "flowmate-destination",
      "type" : "managed-service",
      "config" : {
        "HTML5Runtime_enabled" : true,
        "init_data" : {
          "instance" : {
            "destinations" : [ ],
            "existing_destinations_policy" : "update"
          }
        }
      },
      "default-service-name" : "flowmate-destination",
      "default-container-name" : "DIALOG_AXIATA_PLC_ARIZE_QAS_9339OZEK_ORG_A_QAS_ORG_B_TEST74E9F70"
    },
    "isActive" : true,
    "isOptional" : false,
    "propertiesMetadata" : {
      "metadata" : { }
    },
    "parametersMetadata" : {
      "metadata" : { }
    },
    "requiredDependencies" : [ ],
    "processedAfter" : [ ]
  }, {
    "majorSchemaVersion" : 3,
    "name" : "flowmate-html5-runtime",
    "type" : "org.cloudfoundry.managed-service",
    "properties" : { },
    "parameters" : {
      "generated-password" : "********",
      "service-name" : "${default-service-name}",
      "service-plan" : "app-runtime",
      "service" : "html5-apps-repo",
      "generated-user" : "********",
      "default-xsappname" : "flowmate-html5-runtime",
      "type" : "managed-service",
      "default-service-name" : "flowmate-html5-runtime",
      "default-container-name" : "DIALOG_AXIATA_PLC_ARIZE_QAS_9339OZEK_ORG_A_QAS_ORG_B_TES758B5685"
    },
    "isActive" : true,
    "isOptional" : false,
    "propertiesMetadata" : {
      "metadata" : { }
    },
    "parametersMetadata" : {
      "metadata" : { }
    },
    "requiredDependencies" : [ ],
    "processedAfter" : [ ]
  }, {
    "majorSchemaVersion" : 3,
    "name" : "flowmate-html5-repo-host",
    "type" : "org.cloudfoundry.managed-service",
    "properties" : { },
    "parameters" : {
      "generated-password" : "********",
      "service-name" : "${default-service-name}",
      "service-plan" : "app-host",
      "service" : "html5-apps-repo",
      "generated-user" : "********",
      "default-xsappname" : "flowmate-html5-repo-host",
      "type" : "managed-service",
      "default-service-name" : "flowmate-html5-repo-host",
      "default-container-name" : "DIALOG_AXIATA_PLC_ARIZE_QAS_9339OZEK_ORG_A_QAS_ORG_B_TES247525E2"
    },
    "isActive" : true,
    "isOptional" : false,
    "propertiesMetadata" : {
      "metadata" : { }
    },
    "parametersMetadata" : {
      "metadata" : { }
    },
    "requiredDependencies" : [ ],
    "processedAfter" : [ ]
  }, {
    "majorSchemaVersion" : 3,
    "name" : "********",
    "type" : "org.cloudfoundry.managed-service",
    "properties" : { },
    "parameters" : {
      "generated-password" : "********",
      "path" : "./xs-security.json",
      "service-name" : "${default-service-name}",
      "service-plan" : "application",
      "service" : "xsuaa",
      "generated-user" : "********",
      "default-xsappname" : "********",
      "type" : "managed-service",
      "config" : {
        "tenant-mode" : "dedicated",
        "xsappname" : "flowmate-${space}"
      },
      "default-service-name" : "********",
      "default-container-name" : "DIALOG_AXIATA_PLC_ARIZE_QAS_9339OZEK_ORG_A_QAS_ORG_B_TES6EAB20BA"
    },
    "isActive" : true,
    "isOptional" : false,
    "propertiesMetadata" : {
      "metadata" : { }
    },
    "parametersMetadata" : {
      "metadata" : { }
    },
    "requiredDependencies" : [ ],
    "processedAfter" : [ ]
  }, {
    "majorSchemaVersion" : 3,
    "name" : "********",
    "type" : "org.cloudfoundry.managed-service",
    "properties" : { },
    "parameters" : {
      "generated-password" : "********",
      "path" : "./xs-security-api.json",
      "service-name" : "********",
      "service-plan" : "application",
      "service" : "xsuaa",
      "generated-user" : "********",
      "default-xsappname" : "********",
      "type" : "managed-service",
      "default-service-name" : "********",
      "default-container-name" : "DIALOG_AXIATA_PLC_ARIZE_QAS_9339OZEK_ORG_A_QAS_ORG_B_TEST839B895"
    },
    "isActive" : true,
    "isOptional" : false,
    "propertiesMetadata" : {
      "metadata" : { }
    },
    "parametersMetadata" : {
      "metadata" : { }
    },
    "requiredDependencies" : [ ],
    "processedAfter" : [ ]
  }, {
    "majorSchemaVersion" : 3,
    "name" : "flowmate-db",
    "type" : "com.sap.xs.hdi-container",
    "properties" : { },
    "parameters" : {
      "generated-password" : "********",
      "service-name" : "${default-service-name}",
      "service-plan" : "hdi-shared",
      "service" : "hana",
      "generated-user" : "********",
      "default-xsappname" : "flowmate-db",
      "type" : "managed-service",
      "default-service-name" : "flowmate-db",
      "default-container-name" : "DIALOG_AXIATA_PLC_ARIZE_QAS_9339OZEK_ORG_A_QAS_ORG_B_TES63C7E19C"
    },
    "isActive" : true,
    "isOptional" : false,
    "propertiesMetadata" : {
      "metadata" : { }
    },
    "parametersMetadata" : {
      "metadata" : { }
    },
    "requiredDependencies" : [ ],
    "processedAfter" : [ ]
  }, {
    "majorSchemaVersion" : 3,
    "name" : "********",
    "type" : "org.cloudfoundry.existing-service",
    "properties" : { },
    "parameters" : {
      "generated-password" : "********",
      "service-name" : "********",
      "generated-user" : "********",
      "default-xsappname" : "********",
      "type" : "existing-service",
      "default-service-name" : "********",
      "default-container-name" : "DIALOG_AXIATA_PLC_ARIZE_QAS_9339OZEK_ORG_A_QAS_ORG_B_TES23140BE2"
    },
    "isActive" : true,
    "isOptional" : false,
    "propertiesMetadata" : {
      "metadata" : { }
    },
    "parametersMetadata" : {
      "metadata" : { }
    },
    "requiredDependencies" : [ ],
    "processedAfter" : [ ]
  } ],
  "parameters" : {
    "deploy_mode" : "html5-repo",
    "mta-id" : "flowmate",
    "authorization-url" : "********",
    "org-guid" : "2f6d9c67-9231-4b6a-b63a-11b4a129b005",
    "org" : "Dialog Axiata Plc_arize-qas-9339ozek-org-a-qas",
    "deploy-target" : "Dialog Axiata Plc_arize-qas-9339ozek-org-a-qas org-b/test",
    "enable-parallel-deployments" : true,
    "space" : "org-b/test",
    "xs-api-url" : "https://api.cf.ap11.hana.ondemand.com",
    "deploy-url" : "deploy-service.cfapps.ap11.hana.ondemand.com",
    "xs-type" : "CF",
    "default-domain" : "cfapps.ap11.hana.ondemand.com",
    "mta-version" : "1.0.0",
    "xs-auth-url" : "********",
    "space-guid" : "19e2d49e-f313-4069-98bd-9ace838bf9d4",
    "user" : "********",
    "controller-url" : "https://api.cf.ap11.hana.ondemand.com",
    "timestamp" : "20260815161424"
  },
  "parametersMetadata" : {
    "metadata" : { }
  }
}#
#2026 08 15 16:14:26.275#Z#DEBUG#61dc8624-98c4-11f1-8cc9-eeee0a994573.OPERATION#flowable-async-job-executor-thread-133#
[XS2CollectSystemParametersStep] Version rule: SAME_HIGHER#
#2026 08 15 16:14:26.276#Z#INFO#61dc8624-98c4-11f1-8cc9-eeee0a994573.OPERATION#flowable-async-job-executor-thread-133#
[XS2CollectSystemParametersStep] Detected new MTA version: "1.0.0"#
#2026 08 15 16:14:26.285#Z#INFO#61dc8624-98c4-11f1-8cc9-eeee0a994573.OPERATION#flowable-async-job-executor-thread-133#
[XS2CollectSystemParametersStep] Deployed MTA version: "1.0.0"#
#2026 08 15 16:14:26.290#Z#DEBUG#61dc8624-98c4-11f1-8cc9-eeee0a994573.OPERATION#flowable-async-job-executor-thread-133#
[XS2CollectSystemParametersStep] MTA accepted for deployment#
#2026 08 15 16:14:26.292#Z#DEBUG#61dc8624-98c4-11f1-8cc9-eeee0a994573.OPERATION#flowable-async-job-executor-thread-133#
[XS2CollectSystemParametersStep] System parameters collected#
#2026 08 15 16:14:26.293#Z#DEBUG#61dc8624-98c4-11f1-8cc9-eeee0a994573.OPERATION#flowable-async-job-executor-thread-133#
Step "Collect System Parameters" finished#
#2026 08 15 16:14:26.334#Z#DEBUG#61dc8624-98c4-11f1-8cc9-eeee0a994573.OPERATION#flowable-async-job-executor-thread-126#
[ProcessDescriptorStep] Executing task "processDescriptorTask" of process "61dcad5a-98c4-11f1-8cc9-eeee0a994573"...#
#2026 08 15 16:14:26.335#Z#DEBUG#61dc8624-98c4-11f1-8cc9-eeee0a994573.OPERATION#flowable-async-job-executor-thread-126#
[ProcessDescriptorStep] Resolving properties and parameters in merged descriptor...#
#2026 08 15 16:14:26.345#Z#DEBUG#61dc8624-98c4-11f1-8cc9-eeee0a994573.OPERATION#flowable-async-job-executor-thread-126#
[ProcessDescriptorStep] Subscriptions: [ ]#
#2026 08 15 16:14:26.346#Z#DEBUG#61dc8624-98c4-11f1-8cc9-eeee0a994573.OPERATION#flowable-async-job-executor-thread-126#
[ProcessDescriptorStep] MTA modules: [flowmate-app-content, flowmate-destination-content, flowmate-db-deployer, flowmate-srv, flowmate-approuter]#
#2026 08 15 16:14:26.349#Z#DEBUG#61dc8624-98c4-11f1-8cc9-eeee0a994573.OPERATION#flowable-async-job-executor-thread-126#
[ProcessDescriptorStep] Resolved deployment descriptor: {
  "majorSchemaVersion" : 3,
  "schemaVersion" : "3.3.0",
  "id" : "flowmate",
  "version" : "1.0.0",
  "modules" : [ {
    "majorSchemaVersion" : 3,
    "name" : "flowmate-app-content",
    "type" : "com.sap.application.content",
    "path" : "flowmate-app-content",
    "properties" : { },
    "parameters" : {
      "default-url" : "https://dialog-axiata-plc-arize-qas-9339ozek-org-a-qas-org-b-te6a73593b.cfapps.ap11.hana.ondemand.com",
      "default-app-name" : "flowmate-app-content",
      "generated-password" : "********",
      "default-live-url" : "https://dialog-axiata-plc-arize-qas-9339ozek-org-a-qas-org-b-te6a73593b.cfapps.ap11.hana.ondemand.com",
      "default-uri" : "dialog-axiata-plc-arize-qas-9339ozek-org-a-qas-org-b-te6a73593b.cfapps.ap11.hana.ondemand.com",
      "default-instances" : 1,
      "default-live-host" : "dialog-axiata-plc-arize-qas-9339ozek-org-a-qas-org-b-te6a73593b",
      "instances" : 1,
      "default-host" : "dialog-axiata-plc-arize-qas-9339ozek-org-a-qas-org-b-te6a73593b",
      "app-name" : "flowmate-app-content",
      "default-live-uri" : "dialog-axiata-plc-arize-qas-9339ozek-org-a-qas-org-b-te6a73593b.cfapps.ap11.hana.ondemand.com",
      "protocol" : "https",
      "default-live-app-name" : "flowmate-app-content",
      "default-live-domain" : "cfapps.ap11.hana.ondemand.com",
      "domain" : "cfapps.ap11.hana.ondemand.com",
      "host" : "dialog-axiata-plc-arize-qas-9339ozek-org-a-qas-org-b-te6a73593b",
      "generated-user" : "********"
    },
    "requiredDependencies" : [ {
      "majorSchemaVersion" : 3,
      "name" : "flowmate-html5-repo-host",
      "properties" : { },
      "parameters" : {
        "content-target" : true
      },
      "propertiesMetadata" : {
        "metadata" : { }
      },
      "parametersMetadata" : {
        "metadata" : { }
      }
    } ],
    "providedDependencies" : [ {
      "majorSchemaVersion" : 3,
      "name" : "flowmate-app-content",
      "isPublic" : false,
      "properties" : { },
      "parameters" : { },
      "propertiesMetadata" : {
        "metadata" : { }
      },
      "parametersMetadata" : {
        "metadata" : { }
      }
    } ],
    "propertiesMetadata" : {
      "metadata" : { }
    },
    "parametersMetadata" : {
      "metadata" : { }
    },
    "hooks" : [ ]
  }, {
    "majorSchemaVersion" : 3,
    "name" : "flowmate-approuter",
    "type" : "javascript.nodejs",
    "path" : "flowmate-approuter",
    "properties" : {
      "INCOMING_CONNECTION_TIMEOUT" : 600000
    },
    "parameters" : {
      "default-url" : "https://dialog-axiata-plc-arize-qas-9339ozek-org-a-qas-org-b-te3bf718a2.cfapps.ap11.hana.ondemand.com",
      "default-app-name" : "flowmate-approuter",
      "generated-password" : "********",
      "default-live-url" : "https://dialog-axiata-plc-arize-qas-9339ozek-org-a-qas-org-b-te3bf718a2.cfapps.ap11.hana.ondemand.com",
      "default-uri" : "dialog-axiata-plc-arize-qas-9339ozek-org-a-qas-org-b-te3bf718a2.cfapps.ap11.hana.ondemand.com",
      "memory" : "256M",
      "default-instances" : 1,
      "default-live-host" : "dialog-axiata-plc-arize-qas-9339ozek-org-a-qas-org-b-te3bf718a2",
      "instances" : 1,
      "buildpack" : "nodejs_buildpack",
      "default-host" : "dialog-axiata-plc-arize-qas-9339ozek-org-a-qas-org-b-te3bf718a2",
      "app-name" : "flowmate-approuter",
      "default-live-uri" : "dialog-axiata-plc-arize-qas-9339ozek-org-a-qas-org-b-te3bf718a2.cfapps.ap11.hana.ondemand.com",
      "protocol" : "https",
      "default-live-app-name" : "flowmate-approuter",
      "default-live-domain" : "cfapps.ap11.hana.ondemand.com",
      "disk-quota" : "512M",
      "domain" : "cfapps.ap11.hana.ondemand.com",
      "host" : "dialog-axiata-plc-arize-qas-9339ozek-org-a-qas-org-b-te3bf718a2",
      "generated-user" : "********"
    },
    "requiredDependencies" : [ {
      "majorSchemaVersion" : 3,
      "name" : "********",
      "properties" : { },
      "parameters" : { },
      "propertiesMetadata" : {
        "metadata" : { }
      },
      "parametersMetadata" : {
        "metadata" : { }
      }
    }, {
      "majorSchemaVersion" : 3,
      "name" : "flowmate-html5-runtime",
      "properties" : { },
      "parameters" : { },
      "propertiesMetadata" : {
        "metadata" : { }
      },
      "parametersMetadata" : {
        "metadata" : { }
      }
    }, {
      "majorSchemaVersion" : 3,
      "name" : "flowmate-destination",
      "properties" : { },
      "parameters" : { },
      "propertiesMetadata" : {
        "metadata" : { }
      },
      "parametersMetadata" : {
        "metadata" : { }
      }
    }, {
      "majorSchemaVersion" : 3,
      "name" : "srv-api",
      "group" : "destinations",
      "properties" : {
        "name" : "srv-api",
        "forwardAuthToken" : "********",
        "timeout" : 600000,
        "url" : "https://dialog-axiata-plc-arize-qas-9339ozek-org-a-qas-org-b-te48c9fbef.cfapps.ap11.hana.ondemand.com"
      },
      "parameters" : { },
      "propertiesMetadata" : {
        "metadata" : { }
      },
      "parametersMetadata" : {
        "metadata" : { }
      }
    } ],
    "providedDependencies" : [ {
      "majorSchemaVersion" : 3,
      "name" : "flowmate-approuter",
      "isPublic" : false,
      "properties" : { },
      "parameters" : { },
      "propertiesMetadata" : {
        "metadata" : { }
      },
      "parametersMetadata" : {
        "metadata" : { }
      }
    } ],
    "propertiesMetadata" : {
      "metadata" : { }
    },
    "parametersMetadata" : {
      "metadata" : { }
    },
    "hooks" : [ ]
  }, {
    "majorSchemaVersion" : 3,
    "name" : "flowmate-srv",
    "type" : "javascript.nodejs",
    "path" : "flowmate-srv",
    "properties" : { },
    "parameters" : {
      "default-url" : "https://dialog-axiata-plc-arize-qas-9339ozek-org-a-qas-org-b-te48c9fbef.cfapps.ap11.hana.ondemand.com",
      "default-app-name" : "flowmate-srv",
      "generated-password" : "********",
      "default-live-url" : "https://dialog-axiata-plc-arize-qas-9339ozek-org-a-qas-org-b-te48c9fbef.cfapps.ap11.hana.ondemand.com",
      "default-uri" : "dialog-axiata-plc-arize-qas-9339ozek-org-a-qas-org-b-te48c9fbef.cfapps.ap11.hana.ondemand.com",
      "default-instances" : 1,
      "default-live-host" : "dialog-axiata-plc-arize-qas-9339ozek-org-a-qas-org-b-te48c9fbef",
      "instances" : 1,
      "buildpack" : "nodejs_buildpack",
      "default-host" : "dialog-axiata-plc-arize-qas-9339ozek-org-a-qas-org-b-te48c9fbef",
      "app-name" : "flowmate-srv",
      "default-live-uri" : "dialog-axiata-plc-arize-qas-9339ozek-org-a-qas-org-b-te48c9fbef.cfapps.ap11.hana.ondemand.com",
      "protocol" : "https",
      "default-live-app-name" : "flowmate-srv",
      "default-live-domain" : "cfapps.ap11.hana.ondemand.com",
      "domain" : "cfapps.ap11.hana.ondemand.com",
      "host" : "dialog-axiata-plc-arize-qas-9339ozek-org-a-qas-org-b-te48c9fbef",
      "generated-user" : "********"
    },
    "requiredDependencies" : [ {
      "majorSchemaVersion" : 3,
      "name" : "********",
      "properties" : { },
      "parameters" : { },
      "propertiesMetadata" : {
        "metadata" : { }
      },
      "parametersMetadata" : {
        "metadata" : { }
      }
    }, {
      "majorSchemaVersion" : 3,
      "name" : "flowmate-db",
      "properties" : { },
      "parameters" : { },
      "propertiesMetadata" : {
        "metadata" : { }
      },
      "parametersMetadata" : {
        "metadata" : { }
      }
    }, {
      "majorSchemaVersion" : 3,
      "name" : "flowmate-destination",
      "properties" : { },
      "parameters" : { },
      "propertiesMetadata" : {
        "metadata" : { }
      },
      "parametersMetadata" : {
        "metadata" : { }
      }
    } ],
    "providedDependencies" : [ {
      "majorSchemaVersion" : 3,
      "name" : "srv-api",
      "isPublic" : false,
      "properties" : {
        "srv-url" : "https://dialog-axiata-plc-arize-qas-9339ozek-org-a-qas-org-b-te48c9fbef.cfapps.ap11.hana.ondemand.com"
      },
      "parameters" : { },
      "propertiesMetadata" : {
        "metadata" : { }
      },
      "parametersMetadata" : {
        "metadata" : { }
      }
    }, {
      "majorSchemaVersion" : 3,
      "name" : "flowmate-srv",
      "isPublic" : false,
      "properties" : { },
      "parameters" : { },
      "propertiesMetadata" : {
        "metadata" : { }
      },
      "parametersMetadata" : {
        "metadata" : { }
      }
    } ],
    "propertiesMetadata" : {
      "metadata" : { }
    },
    "parametersMetadata" : {
      "metadata" : { }
    },
    "hooks" : [ ]
  }, {
    "majorSchemaVersion" : 3,
    "name" : "flowmate-db-deployer",
    "type" : "com.sap.xs.hdi",
    "path" : "flowmate-db-deployer",
    "properties" : {
      "EXIT" : 1
    },
    "parameters" : {
      "default-url" : "https://dialog-axiata-plc-arize-qas-9339ozek-org-a-qas-org-b-te18eeb5c5.cfapps.ap11.hana.ondemand.com",
      "default-app-name" : "flowmate-db-deployer",
      "generated-password" : "********",
      "default-live-url" : "https://dialog-axiata-plc-arize-qas-9339ozek-org-a-qas-org-b-te18eeb5c5.cfapps.ap11.hana.ondemand.com",
      "default-uri" : "dialog-axiata-plc-arize-qas-9339ozek-org-a-qas-org-b-te18eeb5c5.cfapps.ap11.hana.ondemand.com",
      "memory" : "256M",
      "default-instances" : 1,
      "no-route" : true,
      "default-live-host" : "dialog-axiata-plc-arize-qas-9339ozek-org-a-qas-org-b-te18eeb5c5",
      "instances" : 1,
      "buildpack" : "nodejs_buildpack",
      "default-host" : "dialog-axiata-plc-arize-qas-9339ozek-org-a-qas-org-b-te18eeb5c5",
      "app-name" : "flowmate-db-deployer",
      "default-live-uri" : "dialog-axiata-plc-arize-qas-9339ozek-org-a-qas-org-b-te18eeb5c5.cfapps.ap11.hana.ondemand.com",
      "protocol" : "https",
      "default-live-app-name" : "flowmate-db-deployer",
      "default-live-domain" : "cfapps.ap11.hana.ondemand.com",
      "dependency-type" : "hard",
      "domain" : "cfapps.ap11.hana.ondemand.com",
      "host" : "dialog-axiata-plc-arize-qas-9339ozek-org-a-qas-org-b-te18eeb5c5",
      "generated-user" : "********",
      "tasks" : [ {
        "command" : "npm start",
        "memory" : "256M",
        "name" : "deploy"
      } ],
      "no-start" : true
    },
    "requiredDependencies" : [ {
      "majorSchemaVersion" : 3,
      "name" : "flowmate-db",
      "properties" : { },
      "parameters" : { },
      "propertiesMetadata" : {
        "metadata" : { }
      },
      "parametersMetadata" : {
        "metadata" : { }
      }
    } ],
    "providedDependencies" : [ {
      "majorSchemaVersion" : 3,
      "name" : "flowmate-db-deployer",
      "isPublic" : false,
      "properties" : { },
      "parameters" : { },
      "propertiesMetadata" : {
        "metadata" : { }
      },
      "parametersMetadata" : {
        "metadata" : { }
      }
    } ],
    "propertiesMetadata" : {
      "metadata" : { }
    },
    "parametersMetadata" : {
      "metadata" : { }
    },
    "hooks" : [ ]
  }, {
    "majorSchemaVersion" : 3,
    "name" : "flowmate-destination-content",
    "type" : "com.sap.application.content",
    "properties" : { },
    "parameters" : {
      "default-url" : "https://dialog-axiata-plc-arize-qas-9339ozek-org-a-qas-org-b-te5f76444e.cfapps.ap11.hana.ondemand.com",
      "default-app-name" : "flowmate-destination-content",
      "generated-password" : "********",
      "default-live-url" : "https://dialog-axiata-plc-arize-qas-9339ozek-org-a-qas-org-b-te5f76444e.cfapps.ap11.hana.ondemand.com",
      "default-uri" : "dialog-axiata-plc-arize-qas-9339ozek-org-a-qas-org-b-te5f76444e.cfapps.ap11.hana.ondemand.com",
      "default-instances" : 1,
      "default-live-host" : "dialog-axiata-plc-arize-qas-9339ozek-org-a-qas-org-b-te5f76444e",
      "instances" : 1,
      "default-host" : "dialog-axiata-plc-arize-qas-9339ozek-org-a-qas-org-b-te5f76444e",
      "content" : {
        "instance" : {
          "destinations" : [ {
            "Authentication" : "********",
            "HTML5.DynamicDestination" : true,
            "HTML5.Timeout" : 600000,
            "Name" : "srv-api",
            "TokenServiceInstanceName" : "********",
            "TokenServiceKeyName" : "********",
            "URL" : "https://dialog-axiata-plc-arize-qas-9339ozek-org-a-qas-org-b-te48c9fbef.cfapps.ap11.hana.ondemand.com"
          }, {
            "Name" : "flowmate-html5-repo-host",
            "ServiceInstanceName" : "flowmate-html5-repo-host",
            "ServiceKeyName" : "********",
            "sap.cloud.service" : "flowmate.service"
          }, {
            "Authentication" : "********",
            "Name" : "********",
            "ServiceInstanceName" : "********",
            "ServiceKeyName" : "********"
          }, {
            "Authentication" : "********",
            "Name" : "flowmate-common-api",
            "TokenServiceInstanceName" : "********",
            "TokenServiceKeyName" : "********",
            "URL" : "https://flowmate-common-srv-org-b-test.cfapps.ap11.hana.ondemand.com/odata/v4/flowmate-common"
          } ],
          "existing_destinations_policy" : "update"
        }
      },
      "app-name" : "flowmate-destination-content",
      "default-live-uri" : "dialog-axiata-plc-arize-qas-9339ozek-org-a-qas-org-b-te5f76444e.cfapps.ap11.hana.ondemand.com",
      "protocol" : "https",
      "default-live-app-name" : "flowmate-destination-content",
      "default-live-domain" : "cfapps.ap11.hana.ondemand.com",
      "domain" : "cfapps.ap11.hana.ondemand.com",
      "host" : "dialog-axiata-plc-arize-qas-9339ozek-org-a-qas-org-b-te5f76444e",
      "generated-user" : "********"
    },
    "requiredDependencies" : [ {
      "majorSchemaVersion" : 3,
      "name" : "********",
      "properties" : { },
      "parameters" : {
        "service-key" : "********"
      },
      "propertiesMetadata" : {
        "metadata" : { }
      },
      "parametersMetadata" : {
        "metadata" : { }
      }
    }, {
      "majorSchemaVersion" : 3,
      "name" : "flowmate-html5-repo-host",
      "properties" : { },
      "parameters" : {
        "service-key" : "********"
      },
      "propertiesMetadata" : {
        "metadata" : { }
      },
      "parametersMetadata" : {
        "metadata" : { }
      }
    }, {
      "majorSchemaVersion" : 3,
      "name" : "srv-api",
      "properties" : { },
      "parameters" : { },
      "propertiesMetadata" : {
        "metadata" : { }
      },
      "parametersMetadata" : {
        "metadata" : { }
      }
    }, {
      "majorSchemaVersion" : 3,
      "name" : "********",
      "properties" : { },
      "parameters" : {
        "service-key" : "********"
      },
      "propertiesMetadata" : {
        "metadata" : { }
      },
      "parametersMetadata" : {
        "metadata" : { }
      }
    }, {
      "majorSchemaVersion" : 3,
      "name" : "flowmate-destination",
      "properties" : { },
      "parameters" : {
        "content-target" : true
      },
      "propertiesMetadata" : {
        "metadata" : { }
      },
      "parametersMetadata" : {
        "metadata" : { }
      }
    } ],
    "providedDependencies" : [ {
      "majorSchemaVersion" : 3,
      "name" : "flowmate-destination-content",
      "isPublic" : false,
      "properties" : { },
      "parameters" : { },
      "propertiesMetadata" : {
        "metadata" : { }
      },
      "parametersMetadata" : {
        "metadata" : { }
      }
    } ],
    "propertiesMetadata" : {
      "metadata" : { }
    },
    "parametersMetadata" : {
      "metadata" : { }
    },
    "hooks" : [ ]
  } ],
  "resources" : [ {
    "majorSchemaVersion" : 3,
    "name" : "flowmate-destination",
    "type" : "org.cloudfoundry.managed-service",
    "properties" : { },
    "parameters" : {
      "generated-password" : "********",
      "service-name" : "flowmate-destination",
      "service-plan" : "lite",
      "service" : "destination",
      "generated-user" : "********",
      "default-xsappname" : "flowmate-destination",
      "type" : "managed-service",
      "config" : {
        "HTML5Runtime_enabled" : true,
        "init_data" : {
          "instance" : {
            "destinations" : [ ],
            "existing_destinations_policy" : "update"
          }
        }
      },
      "default-service-name" : "flowmate-destination",
      "default-container-name" : "DIALOG_AXIATA_PLC_ARIZE_QAS_9339OZEK_ORG_A_QAS_ORG_B_TEST74E9F70"
    },
    "isActive" : true,
    "isOptional" : false,
    "propertiesMetadata" : {
      "metadata" : { }
    },
    "parametersMetadata" : {
      "metadata" : { }
    },
    "requiredDependencies" : [ ],
    "processedAfter" : [ ]
  }, {
    "majorSchemaVersion" : 3,
    "name" : "flowmate-html5-runtime",
    "type" : "org.cloudfoundry.managed-service",
    "properties" : { },
    "parameters" : {
      "generated-password" : "********",
      "service-name" : "flowmate-html5-runtime",
      "service-plan" : "app-runtime",
      "service" : "html5-apps-repo",
      "generated-user" : "********",
      "default-xsappname" : "flowmate-html5-runtime",
      "type" : "managed-service",
      "default-service-name" : "flowmate-html5-runtime",
      "default-container-name" : "DIALOG_AXIATA_PLC_ARIZE_QAS_9339OZEK_ORG_A_QAS_ORG_B_TES758B5685"
    },
    "isActive" : true,
    "isOptional" : false,
    "propertiesMetadata" : {
      "metadata" : { }
    },
    "parametersMetadata" : {
      "metadata" : { }
    },
    "requiredDependencies" : [ ],
    "processedAfter" : [ ]
  }, {
    "majorSchemaVersion" : 3,
    "name" : "flowmate-html5-repo-host",
    "type" : "org.cloudfoundry.managed-service",
    "properties" : { },
    "parameters" : {
      "generated-password" : "********",
      "service-name" : "flowmate-html5-repo-host",
      "service-plan" : "app-host",
      "service" : "html5-apps-repo",
      "generated-user" : "********",
      "default-xsappname" : "flowmate-html5-repo-host",
      "type" : "managed-service",
      "default-service-name" : "flowmate-html5-repo-host",
      "default-container-name" : "DIALOG_AXIATA_PLC_ARIZE_QAS_9339OZEK_ORG_A_QAS_ORG_B_TES247525E2"
    },
    "isActive" : true,
    "isOptional" : false,
    "propertiesMetadata" : {
      "metadata" : { }
    },
    "parametersMetadata" : {
      "metadata" : { }
    },
    "requiredDependencies" : [ ],
    "processedAfter" : [ ]
  }, {
    "majorSchemaVersion" : 3,
    "name" : "********",
    "type" : "org.cloudfoundry.managed-service",
    "properties" : { },
    "parameters" : {
      "generated-password" : "********",
      "path" : "./xs-security.json",
      "service-name" : "********",
      "service-plan" : "application",
      "service" : "xsuaa",
      "generated-user" : "********",
      "default-xsappname" : "********",
      "type" : "managed-service",
      "config" : {
        "tenant-mode" : "dedicated",
        "xsappname" : "flowmate-org-b/test"
      },
      "default-service-name" : "********",
      "default-container-name" : "DIALOG_AXIATA_PLC_ARIZE_QAS_9339OZEK_ORG_A_QAS_ORG_B_TES6EAB20BA"
    },
    "isActive" : true,
    "isOptional" : false,
    "propertiesMetadata" : {
      "metadata" : { }
    },
    "parametersMetadata" : {
      "metadata" : { }
    },
    "requiredDependencies" : [ ],
    "processedAfter" : [ ]
  }, {
    "majorSchemaVersion" : 3,
    "name" : "********",
    "type" : "org.cloudfoundry.managed-service",
    "properties" : { },
    "parameters" : {
      "generated-password" : "********",
      "path" : "./xs-security-api.json",
      "service-name" : "********",
      "service-plan" : "application",
      "service" : "xsuaa",
      "generated-user" : "********",
      "default-xsappname" : "********",
      "type" : "managed-service",
      "default-service-name" : "********",
      "default-container-name" : "DIALOG_AXIATA_PLC_ARIZE_QAS_9339OZEK_ORG_A_QAS_ORG_B_TEST839B895"
    },
    "isActive" : true,
    "isOptional" : false,
    "propertiesMetadata" : {
      "metadata" : { }
    },
    "parametersMetadata" : {
      "metadata" : { }
    },
    "requiredDependencies" : [ ],
    "processedAfter" : [ ]
  }, {
    "majorSchemaVersion" : 3,
    "name" : "flowmate-db",
    "type" : "com.sap.xs.hdi-container",
    "properties" : { },
    "parameters" : {
      "generated-password" : "********",
      "service-name" : "flowmate-db",
      "service-plan" : "hdi-shared",
      "service" : "hana",
      "generated-user" : "********",
      "default-xsappname" : "flowmate-db",
      "type" : "managed-service",
      "default-service-name" : "flowmate-db",
      "default-container-name" : "DIALOG_AXIATA_PLC_ARIZE_QAS_9339OZEK_ORG_A_QAS_ORG_B_TES63C7E19C"
    },
    "isActive" : true,
    "isOptional" : false,
    "propertiesMetadata" : {
      "metadata" : { }
    },
    "parametersMetadata" : {
      "metadata" : { }
    },
    "requiredDependencies" : [ ],
    "processedAfter" : [ ]
  }, {
    "majorSchemaVersion" : 3,
    "name" : "********",
    "type" : "org.cloudfoundry.existing-service",
    "properties" : { },
    "parameters" : {
      "generated-password" : "********",
      "service-name" : "********",
      "generated-user" : "********",
      "default-xsappname" : "********",
      "type" : "existing-service",
      "default-service-name" : "********",
      "default-container-name" : "DIALOG_AXIATA_PLC_ARIZE_QAS_9339OZEK_ORG_A_QAS_ORG_B_TES23140BE2"
    },
    "isActive" : true,
    "isOptional" : false,
    "propertiesMetadata" : {
      "metadata" : { }
    },
    "parametersMetadata" : {
      "metadata" : { }
    },
    "requiredDependencies" : [ ],
    "processedAfter" : [ ]
  } ],
  "parameters" : {
    "deploy_mode" : "html5-repo",
    "mta-id" : "flowmate",
    "authorization-url" : "********",
    "org-guid" : "2f6d9c67-9231-4b6a-b63a-11b4a129b005",
    "org" : "Dialog Axiata Plc_arize-qas-9339ozek-org-a-qas",
    "deploy-target" : "Dialog Axiata Plc_arize-qas-9339ozek-org-a-qas org-b/test",
    "enable-parallel-deployments" : true,
    "region-primary-domain" : "ap11.hana.ondemand.com",
    "space" : "org-b/test",
    "region-domain" : "ap11.hana.ondemand.com",
    "xs-api-url" : "https://api.cf.ap11.hana.ondemand.com",
    "deploy-url" : "deploy-service.cfapps.ap11.hana.ondemand.com",
    "xs-type" : "CF",
    "default-domain" : "cfapps.ap11.hana.ondemand.com",
    "mta-version" : "1.0.0",
    "xs-auth-url" : "********",
    "space-guid" : "19e2d49e-f313-4069-98bd-9ace838bf9d4",
    "user" : "********",
    "controller-url" : "https://api.cf.ap11.hana.ondemand.com",
    "timestamp" : "20260815161424"
  },
  "parametersMetadata" : {
    "metadata" : { }
  }
}#
#2026 08 15 16:14:26.350#Z#DEBUG#61dc8624-98c4-11f1-8cc9-eeee0a994573.OPERATION#flowable-async-job-executor-thread-126#
[ProcessDescriptorStep] Merged descriptor properties and parameters resolved#
#2026 08 15 16:14:26.350#Z#DEBUG#61dc8624-98c4-11f1-8cc9-eeee0a994573.OPERATION#flowable-async-job-executor-thread-126#
Step "Process Descriptor Step" finished#
#2026 08 15 16:14:26.394#Z#DEBUG#61dc8624-98c4-11f1-8cc9-eeee0a994573.OPERATION#flowable-async-job-executor-thread-127#
[XS2BuildCloudDeployModelStep] Executing task "buildDeployModelTask" of process "61dcad5a-98c4-11f1-8cc9-eeee0a994573"...#
#2026 08 15 16:14:26.405#Z#DEBUG#61dc8624-98c4-11f1-8cc9-eeee0a994573.OPERATION#flowable-async-job-executor-thread-127#
[XS2BuildCloudDeployModelStep] Getting service instance without auxiliary content "flowmate-common-auth"...#
#2026 08 15 16:14:26.443#Z#DEBUG#61dc8624-98c4-11f1-8cc9-eeee0a994573.OPERATION#flowable-async-job-executor-thread-127#
[XS2BuildCloudDeployModelStep] Service keys defined for content deployment grouped by service name: {
  "flowmate-destination" : [ {
    "name" : "********",
    "v3Metadata" : {
      "annotations" : {
        "mta_id" : "flowmate",
        "mta_version" : "1.0.0"
      },
      "labels" : {
        "mta_id" : "084e1a9e1bfdfa7da01e493afb23fbc1",
        "space_guid" : "19e2d49e-f313-4069-98bd-9ace838bf9d4"
      }
    },
    "credentials" : "********",
    "moduleName" : "flowmate-destination-content",
    "resourceName" : "flowmate-destination",
    "serviceInstance" : {
      "isOptional" : false,
      "isManaged" : false,
      "name" : "flowmate-destination",
      "credentials" : "********",
      "tags" : [ ],
      "shouldSkipParametersUpdate" : false,
      "shouldSkipPlanUpdate" : false,
      "shouldSkipTagsUpdate" : false,
      "shouldSkipSyslogUrlUpdate" : false
    },
    "shouldDeleteServiceKeyAfterDeploy" : "********",
    "resourceType" : "org.cloudfoundry.managed-service"
  } ],
  "flowmate-common-auth" : "********",
  "flowmate-html5-repo-host" : [ {
    "name" : "********",
    "v3Metadata" : {
      "annotations" : {
        "mta_id" : "flowmate",
        "mta_version" : "1.0.0"
      },
      "labels" : {
        "mta_id" : "084e1a9e1bfdfa7da01e493afb23fbc1",
        "space_guid" : "19e2d49e-f313-4069-98bd-9ace838bf9d4"
      }
    },
    "credentials" : "********",
    "moduleName" : "flowmate-app-content",
    "resourceName" : "flowmate-html5-repo-host",
    "serviceInstance" : {
      "isOptional" : false,
      "isManaged" : false,
      "name" : "flowmate-html5-repo-host",
      "credentials" : "********",
      "tags" : [ ],
      "shouldSkipParametersUpdate" : false,
      "shouldSkipPlanUpdate" : false,
      "shouldSkipTagsUpdate" : false,
      "shouldSkipSyslogUrlUpdate" : false
    },
    "shouldDeleteServiceKeyAfterDeploy" : "********",
    "resourceType" : "org.cloudfoundry.managed-service"
  }, {
    "name" : "********",
    "v3Metadata" : {
      "annotations" : {
        "mta_id" : "flowmate",
        "mta_version" : "1.0.0"
      },
      "labels" : {
        "mta_id" : "084e1a9e1bfdfa7da01e493afb23fbc1",
        "space_guid" : "19e2d49e-f313-4069-98bd-9ace838bf9d4"
      }
    },
    "credentials" : "********",
    "moduleName" : "flowmate-destination-content",
    "resourceName" : "flowmate-html5-repo-host",
    "serviceInstance" : {
      "isOptional" : false,
      "isManaged" : false,
      "name" : "flowmate-html5-repo-host",
      "credentials" : "********",
      "tags" : [ ],
      "shouldSkipParametersUpdate" : false,
      "shouldSkipPlanUpdate" : false,
      "shouldSkipTagsUpdate" : false,
      "shouldSkipSyslogUrlUpdate" : false
    },
    "shouldDeleteServiceKeyAfterDeploy" : "********",
    "resourceType" : "org.cloudfoundry.managed-service"
  } ],
  "flowmate-auth" : "********"
}#
#2026 08 15 16:14:26.445#Z#DEBUG#61dc8624-98c4-11f1-8cc9-eeee0a994573.OPERATION#flowable-async-job-executor-thread-127#
[XS2BuildCloudDeployModelStep] Building cloud deployment model...#
#2026 08 15 16:14:26.449#Z#DEBUG#61dc8624-98c4-11f1-8cc9-eeee0a994573.OPERATION#flowable-async-job-executor-thread-127#
[XS2BuildCloudDeployModelStep] MTA archive modules: [flowmate-app-content, flowmate-db-deployer, flowmate-srv, flowmate-approuter]#
#2026 08 15 16:14:26.449#Z#DEBUG#61dc8624-98c4-11f1-8cc9-eeee0a994573.OPERATION#flowable-async-job-executor-thread-127#
[XS2BuildCloudDeployModelStep] Deployed modules: [flowmate-approuter, flowmate-db-deployer, flowmate-srv]#
#2026 08 15 16:14:26.450#Z#DEBUG#61dc8624-98c4-11f1-8cc9-eeee0a994573.OPERATION#flowable-async-job-executor-thread-127#
[XS2BuildCloudDeployModelStep] MTA modules: [flowmate-app-content, flowmate-destination-content, flowmate-db-deployer, flowmate-srv, flowmate-approuter]#
#2026 08 15 16:14:26.451#Z#DEBUG#61dc8624-98c4-11f1-8cc9-eeee0a994573.OPERATION#flowable-async-job-executor-thread-127#
[XS2BuildCloudDeployModelStep] Service keys to create: {
  "flowmate-api-auth" : "********",
  "flowmate-destination" : [ ],
  "flowmate-db" : [ ],
  "flowmate-common-auth" : "********",
  "flowmate-html5-runtime" : [ ],
  "flowmate-html5-repo-host" : [ ],
  "flowmate-auth" : "********"
}#
#2026 08 15 16:14:26.455#Z#DEBUG#61dc8624-98c4-11f1-8cc9-eeee0a994573.OPERATION#flowable-async-job-executor-thread-127#
[XS2BuildCloudDeployModelStep] Modules to deploy: [{
  "majorSchemaVersion" : 3,
  "name" : "flowmate-app-content",
  "type" : "com.sap.application.content",
  "path" : "flowmate-app-content",
  "properties" : { },
  "parameters" : {
    "default-url" : "https://dialog-axiata-plc-arize-qas-9339ozek-org-a-qas-org-b-te6a73593b.cfapps.ap11.hana.ondemand.com",
    "default-app-name" : "flowmate-app-content",
    "generated-password" : "********",
    "default-live-url" : "https://dialog-axiata-plc-arize-qas-9339ozek-org-a-qas-org-b-te6a73593b.cfapps.ap11.hana.ondemand.com",
    "default-uri" : "dialog-axiata-plc-arize-qas-9339ozek-org-a-qas-org-b-te6a73593b.cfapps.ap11.hana.ondemand.com",
    "default-instances" : 1,
    "default-live-host" : "dialog-axiata-plc-arize-qas-9339ozek-org-a-qas-org-b-te6a73593b",
    "instances" : 1,
    "default-host" : "dialog-axiata-plc-arize-qas-9339ozek-org-a-qas-org-b-te6a73593b",
    "app-name" : "flowmate-app-content",
    "default-live-uri" : "dialog-axiata-plc-arize-qas-9339ozek-org-a-qas-org-b-te6a73593b.cfapps.ap11.hana.ondemand.com",
    "protocol" : "https",
    "default-live-app-name" : "flowmate-app-content",
    "default-live-domain" : "cfapps.ap11.hana.ondemand.com",
    "dependency-type" : "soft",
    "domain" : "cfapps.ap11.hana.ondemand.com",
    "host" : "dialog-axiata-plc-arize-qas-9339ozek-org-a-qas-org-b-te6a73593b",
    "generated-user" : "********"
  },
  "requiredDependencies" : [ {
    "majorSchemaVersion" : 3,
    "name" : "flowmate-html5-repo-host",
    "properties" : { },
    "parameters" : {
      "content-target" : true
    },
    "propertiesMetadata" : {
      "metadata" : { }
    },
    "parametersMetadata" : {
      "metadata" : { }
    }
  } ],
  "providedDependencies" : [ {
    "majorSchemaVersion" : 3,
    "name" : "flowmate-app-content",
    "isPublic" : false,
    "properties" : { },
    "parameters" : { },
    "propertiesMetadata" : {
      "metadata" : { }
    },
    "parametersMetadata" : {
      "metadata" : { }
    }
  } ],
  "propertiesMetadata" : {
    "metadata" : { }
  },
  "parametersMetadata" : {
    "metadata" : { }
  },
  "deployedAfter" : [ ],
  "hooks" : [ ]
}, {
  "majorSchemaVersion" : 3,
  "name" : "flowmate-approuter",
  "type" : "javascript.nodejs",
  "path" : "flowmate-approuter",
  "properties" : {
    "INCOMING_CONNECTION_TIMEOUT" : 600000
  },
  "parameters" : {
    "default-url" : "https://dialog-axiata-plc-arize-qas-9339ozek-org-a-qas-org-b-te3bf718a2.cfapps.ap11.hana.ondemand.com",
    "default-app-name" : "flowmate-approuter",
    "generated-password" : "********",
    "default-live-url" : "https://dialog-axiata-plc-arize-qas-9339ozek-org-a-qas-org-b-te3bf718a2.cfapps.ap11.hana.ondemand.com",
    "default-uri" : "dialog-axiata-plc-arize-qas-9339ozek-org-a-qas-org-b-te3bf718a2.cfapps.ap11.hana.ondemand.com",
    "memory" : "256M",
    "default-instances" : 1,
    "default-live-host" : "dialog-axiata-plc-arize-qas-9339ozek-org-a-qas-org-b-te3bf718a2",
    "instances" : 1,
    "buildpack" : "nodejs_buildpack",
    "default-host" : "dialog-axiata-plc-arize-qas-9339ozek-org-a-qas-org-b-te3bf718a2",
    "app-name" : "flowmate-approuter",
    "default-live-uri" : "dialog-axiata-plc-arize-qas-9339ozek-org-a-qas-org-b-te3bf718a2.cfapps.ap11.hana.ondemand.com",
    "protocol" : "https",
    "default-live-app-name" : "flowmate-approuter",
    "default-live-domain" : "cfapps.ap11.hana.ondemand.com",
    "disk-quota" : "512M",
    "dependency-type" : "soft",
    "domain" : "cfapps.ap11.hana.ondemand.com",
    "host" : "dialog-axiata-plc-arize-qas-9339ozek-org-a-qas-org-b-te3bf718a2",
    "generated-user" : "********"
  },
  "requiredDependencies" : [ {
    "majorSchemaVersion" : 3,
    "name" : "********",
    "properties" : { },
    "parameters" : { },
    "propertiesMetadata" : {
      "metadata" : { }
    },
    "parametersMetadata" : {
      "metadata" : { }
    }
  }, {
    "majorSchemaVersion" : 3,
    "name" : "flowmate-html5-runtime",
    "properties" : { },
    "parameters" : { },
    "propertiesMetadata" : {
      "metadata" : { }
    },
    "parametersMetadata" : {
      "metadata" : { }
    }
  }, {
    "majorSchemaVersion" : 3,
    "name" : "flowmate-destination",
    "properties" : { },
    "parameters" : { },
    "propertiesMetadata" : {
      "metadata" : { }
    },
    "parametersMetadata" : {
      "metadata" : { }
    }
  }, {
    "majorSchemaVersion" : 3,
    "name" : "srv-api",
    "group" : "destinations",
    "properties" : {
      "name" : "srv-api",
      "forwardAuthToken" : "********",
      "timeout" : 600000,
      "url" : "https://dialog-axiata-plc-arize-qas-9339ozek-org-a-qas-org-b-te48c9fbef.cfapps.ap11.hana.ondemand.com"
    },
    "parameters" : { },
    "propertiesMetadata" : {
      "metadata" : { }
    },
    "parametersMetadata" : {
      "metadata" : { }
    }
  } ],
  "providedDependencies" : [ {
    "majorSchemaVersion" : 3,
    "name" : "flowmate-approuter",
    "isPublic" : false,
    "properties" : { },
    "parameters" : { },
    "propertiesMetadata" : {
      "metadata" : { }
    },
    "parametersMetadata" : {
      "metadata" : { }
    }
  } ],
  "propertiesMetadata" : {
    "metadata" : { }
  },
  "parametersMetadata" : {
    "metadata" : { }
  },
  "deployedAfter" : [ ],
  "hooks" : [ ]
}, {
  "majorSchemaVersion" : 3,
  "name" : "flowmate-srv",
  "type" : "javascript.nodejs",
  "path" : "flowmate-srv",
  "properties" : { },
  "parameters" : {
    "default-url" : "https://dialog-axiata-plc-arize-qas-9339ozek-org-a-qas-org-b-te48c9fbef.cfapps.ap11.hana.ondemand.com",
    "default-app-name" : "flowmate-srv",
    "generated-password" : "********",
    "default-live-url" : "https://dialog-axiata-plc-arize-qas-9339ozek-org-a-qas-org-b-te48c9fbef.cfapps.ap11.hana.ondemand.com",
    "default-uri" : "dialog-axiata-plc-arize-qas-9339ozek-org-a-qas-org-b-te48c9fbef.cfapps.ap11.hana.ondemand.com",
    "default-instances" : 1,
    "default-live-host" : "dialog-axiata-plc-arize-qas-9339ozek-org-a-qas-org-b-te48c9fbef",
    "instances" : 1,
    "buildpack" : "nodejs_buildpack",
    "default-host" : "dialog-axiata-plc-arize-qas-9339ozek-org-a-qas-org-b-te48c9fbef",
    "app-name" : "flowmate-srv",
    "default-live-uri" : "dialog-axiata-plc-arize-qas-9339ozek-org-a-qas-org-b-te48c9fbef.cfapps.ap11.hana.ondemand.com",
    "protocol" : "https",
    "default-live-app-name" : "flowmate-srv",
    "default-live-domain" : "cfapps.ap11.hana.ondemand.com",
    "dependency-type" : "soft",
    "domain" : "cfapps.ap11.hana.ondemand.com",
    "host" : "dialog-axiata-plc-arize-qas-9339ozek-org-a-qas-org-b-te48c9fbef",
    "generated-user" : "********"
  },
  "requiredDependencies" : [ {
    "majorSchemaVersion" : 3,
    "name" : "********",
    "properties" : { },
    "parameters" : { },
    "propertiesMetadata" : {
      "metadata" : { }
    },
    "parametersMetadata" : {
      "metadata" : { }
    }
  }, {
    "majorSchemaVersion" : 3,
    "name" : "flowmate-db",
    "properties" : { },
    "parameters" : { },
    "propertiesMetadata" : {
      "metadata" : { }
    },
    "parametersMetadata" : {
      "metadata" : { }
    }
  }, {
    "majorSchemaVersion" : 3,
    "name" : "flowmate-destination",
    "properties" : { },
    "parameters" : { },
    "propertiesMetadata" : {
      "metadata" : { }
    },
    "parametersMetadata" : {
      "metadata" : { }
    }
  } ],
  "providedDependencies" : [ {
    "majorSchemaVersion" : 3,
    "name" : "srv-api",
    "isPublic" : false,
    "properties" : {
      "srv-url" : "https://dialog-axiata-plc-arize-qas-9339ozek-org-a-qas-org-b-te48c9fbef.cfapps.ap11.hana.ondemand.com"
    },
    "parameters" : { },
    "propertiesMetadata" : {
      "metadata" : { }
    },
    "parametersMetadata" : {
      "metadata" : { }
    }
  }, {
    "majorSchemaVersion" : 3,
    "name" : "flowmate-srv",
    "isPublic" : false,
    "properties" : { },
    "parameters" : { },
    "propertiesMetadata" : {
      "metadata" : { }
    },
    "parametersMetadata" : {
      "metadata" : { }
    }
  } ],
  "propertiesMetadata" : {
    "metadata" : { }
  },
  "parametersMetadata" : {
    "metadata" : { }
  },
  "deployedAfter" : [ ],
  "hooks" : [ ]
}, {
  "majorSchemaVersion" : 3,
  "name" : "flowmate-db-deployer",
  "type" : "com.sap.xs.hdi",
  "path" : "flowmate-db-deployer",
  "properties" : {
    "EXIT" : 1
  },
  "parameters" : {
    "default-url" : "https://dialog-axiata-plc-arize-qas-9339ozek-org-a-qas-org-b-te18eeb5c5.cfapps.ap11.hana.ondemand.com",
    "default-app-name" : "flowmate-db-deployer",
    "generated-password" : "********",
    "default-live-url" : "https://dialog-axiata-plc-arize-qas-9339ozek-org-a-qas-org-b-te18eeb5c5.cfapps.ap11.hana.ondemand.com",
    "default-uri" : "dialog-axiata-plc-arize-qas-9339ozek-org-a-qas-org-b-te18eeb5c5.cfapps.ap11.hana.ondemand.com",
    "memory" : "256M",
    "default-instances" : 1,
    "no-route" : true,
    "default-live-host" : "dialog-axiata-plc-arize-qas-9339ozek-org-a-qas-org-b-te18eeb5c5",
    "instances" : 1,
    "buildpack" : "nodejs_buildpack",
    "default-host" : "dialog-axiata-plc-arize-qas-9339ozek-org-a-qas-org-b-te18eeb5c5",
    "app-name" : "flowmate-db-deployer",
    "default-live-uri" : "dialog-axiata-plc-arize-qas-9339ozek-org-a-qas-org-b-te18eeb5c5.cfapps.ap11.hana.ondemand.com",
    "protocol" : "https",
    "default-live-app-name" : "flowmate-db-deployer",
    "default-live-domain" : "cfapps.ap11.hana.ondemand.com",
    "dependency-type" : "hard",
    "domain" : "cfapps.ap11.hana.ondemand.com",
    "host" : "dialog-axiata-plc-arize-qas-9339ozek-org-a-qas-org-b-te18eeb5c5",
    "generated-user" : "********",
    "tasks" : [ {
      "command" : "npm start",
      "memory" : "256M",
      "name" : "deploy"
    } ],
    "no-start" : true
  },
  "requiredDependencies" : [ {
    "majorSchemaVersion" : 3,
    "name" : "flowmate-db",
    "properties" : { },
    "parameters" : { },
    "propertiesMetadata" : {
      "metadata" : { }
    },
    "parametersMetadata" : {
      "metadata" : { }
    }
  } ],
  "providedDependencies" : [ {
    "majorSchemaVersion" : 3,
    "name" : "flowmate-db-deployer",
    "isPublic" : false,
    "properties" : { },
    "parameters" : { },
    "propertiesMetadata" : {
      "metadata" : { }
    },
    "parametersMetadata" : {
      "metadata" : { }
    }
  } ],
  "propertiesMetadata" : {
    "metadata" : { }
  },
  "parametersMetadata" : {
    "metadata" : { }
  },
  "deployedAfter" : [ ],
  "hooks" : [ ]
}, {
  "majorSchemaVersion" : 3,
  "name" : "flowmate-destination-content",
  "type" : "com.sap.application.content",
  "properties" : { },
  "parameters" : {
    "default-url" : "https://dialog-axiata-plc-arize-qas-9339ozek-org-a-qas-org-b-te5f76444e.cfapps.ap11.hana.ondemand.com",
    "default-app-name" : "flowmate-destination-content",
    "generated-password" : "********",
    "default-live-url" : "https://dialog-axiata-plc-arize-qas-9339ozek-org-a-qas-org-b-te5f76444e.cfapps.ap11.hana.ondemand.com",
    "default-uri" : "dialog-axiata-plc-arize-qas-9339ozek-org-a-qas-org-b-te5f76444e.cfapps.ap11.hana.ondemand.com",
    "default-instances" : 1,
    "default-live-host" : "dialog-axiata-plc-arize-qas-9339ozek-org-a-qas-org-b-te5f76444e",
    "instances" : 1,
    "default-host" : "dialog-axiata-plc-arize-qas-9339ozek-org-a-qas-org-b-te5f76444e",
    "content" : {
      "instance" : {
        "destinations" : [ {
          "Authentication" : "********",
          "HTML5.DynamicDestination" : true,
          "HTML5.Timeout" : 600000,
          "Name" : "srv-api",
          "TokenServiceInstanceName" : "********",
          "TokenServiceKeyName" : "********",
          "URL" : "https://dialog-axiata-plc-arize-qas-9339ozek-org-a-qas-org-b-te48c9fbef.cfapps.ap11.hana.ondemand.com"
        }, {
          "Name" : "flowmate-html5-repo-host",
          "ServiceInstanceName" : "flowmate-html5-repo-host",
          "ServiceKeyName" : "********",
          "sap.cloud.service" : "flowmate.service"
        }, {
          "Authentication" : "********",
          "Name" : "********",
          "ServiceInstanceName" : "********",
          "ServiceKeyName" : "********"
        }, {
          "Authentication" : "********",
          "Name" : "flowmate-common-api",
          "TokenServiceInstanceName" : "********",
          "TokenServiceKeyName" : "********",
          "URL" : "https://flowmate-common-srv-org-b-test.cfapps.ap11.hana.ondemand.com/odata/v4/flowmate-common"
        } ],
        "existing_destinations_policy" : "update"
      }
    },
    "app-name" : "flowmate-destination-content",
    "default-live-uri" : "dialog-axiata-plc-arize-qas-9339ozek-org-a-qas-org-b-te5f76444e.cfapps.ap11.hana.ondemand.com",
    "protocol" : "https",
    "default-live-app-name" : "flowmate-destination-content",
    "default-live-domain" : "cfapps.ap11.hana.ondemand.com",
    "dependency-type" : "soft",
    "domain" : "cfapps.ap11.hana.ondemand.com",
    "host" : "dialog-axiata-plc-arize-qas-9339ozek-org-a-qas-org-b-te5f76444e",
    "generated-user" : "********"
  },
  "requiredDependencies" : [ {
    "majorSchemaVersion" : 3,
    "name" : "********",
    "properties" : { },
    "parameters" : {
      "service-key" : "********"
    },
    "propertiesMetadata" : {
      "metadata" : { }
    },
    "parametersMetadata" : {
      "metadata" : { }
    }
  }, {
    "majorSchemaVersion" : 3,
    "name" : "flowmate-html5-repo-host",
    "properties" : { },
    "parameters" : {
      "service-key" : "********"
    },
    "propertiesMetadata" : {
      "metadata" : { }
    },
    "parametersMetadata" : {
      "metadata" : { }
    }
  }, {
    "majorSchemaVersion" : 3,
    "name" : "srv-api",
    "properties" : { },
    "parameters" : { },
    "propertiesMetadata" : {
      "metadata" : { }
    },
    "parametersMetadata" : {
      "metadata" : { }
    }
  }, {
    "majorSchemaVersion" : 3,
    "name" : "********",
    "properties" : { },
    "parameters" : {
      "service-key" : "********"
    },
    "propertiesMetadata" : {
      "metadata" : { }
    },
    "parametersMetadata" : {
      "metadata" : { }
    }
  }, {
    "majorSchemaVersion" : 3,
    "name" : "flowmate-destination",
    "properties" : { },
    "parameters" : {
      "content-target" : true
    },
    "propertiesMetadata" : {
      "metadata" : { }
    },
    "parametersMetadata" : {
      "metadata" : { }
    }
  } ],
  "providedDependencies" : [ {
    "majorSchemaVersion" : 3,
    "name" : "flowmate-destination-content",
    "isPublic" : false,
    "properties" : { },
    "parameters" : { },
    "propertiesMetadata" : {
      "metadata" : { }
    },
    "parametersMetadata" : {
      "metadata" : { }
    }
  } ],
  "propertiesMetadata" : {
    "metadata" : { }
  },
  "parametersMetadata" : {
    "metadata" : { }
  },
  "deployedAfter" : [ ],
  "hooks" : [ ]
}]#
#2026 08 15 16:14:26.460#Z#DEBUG#61dc8624-98c4-11f1-8cc9-eeee0a994573.OPERATION#flowable-async-job-executor-thread-127#
[XS2BuildCloudDeployModelStep] Custom domains: []#
#2026 08 15 16:14:26.468#Z#DEBUG#61dc8624-98c4-11f1-8cc9-eeee0a994573.OPERATION#flowable-async-job-executor-thread-127#
[XS2BuildCloudDeployModelStep] Getting service instance "flowmate-common-auth"...#
#2026 08 15 16:14:26.594#Z#DEBUG#61dc8624-98c4-11f1-8cc9-eeee0a994573.OPERATION#flowable-async-job-executor-thread-127#
[XS2BuildCloudDeployModelStep] Calculating resource batches...#
#2026 08 15 16:14:26.597#Z#DEBUG#61dc8624-98c4-11f1-8cc9-eeee0a994573.OPERATION#flowable-async-job-executor-thread-127#
[XS2BuildCloudDeployModelStep] Calculating resource batches completed.#
#2026 08 15 16:14:26.597#Z#DEBUG#61dc8624-98c4-11f1-8cc9-eeee0a994573.OPERATION#flowable-async-job-executor-thread-127#
[XS2BuildCloudDeployModelStep] Cloud deployment model built#
#2026 08 15 16:14:26.597#Z#DEBUG#61dc8624-98c4-11f1-8cc9-eeee0a994573.OPERATION#flowable-async-job-executor-thread-127#
Step "Build Deploy Model" finished#
#2026 08 15 16:14:26.644#Z#DEBUG#61dc8624-98c4-11f1-8cc9-eeee0a994573.OPERATION#flowable-async-job-executor-thread-128#
[BuildCloudUndeployModelStep] Executing task "buildUndeployModelTask" of process "61dcad5a-98c4-11f1-8cc9-eeee0a994573"...#
#2026 08 15 16:14:26.646#Z#DEBUG#61dc8624-98c4-11f1-8cc9-eeee0a994573.OPERATION#flowable-async-job-executor-thread-128#
[BuildCloudUndeployModelStep] Building cloud undeployment model...#
#2026 08 15 16:14:26.652#Z#DEBUG#61dc8624-98c4-11f1-8cc9-eeee0a994573.OPERATION#flowable-async-job-executor-thread-128#
[BuildCloudUndeployModelStep] Detecting service keys to delete.#
#2026 08 15 16:14:26.657#Z#DEBUG#61dc8624-98c4-11f1-8cc9-eeee0a994573.OPERATION#flowable-async-job-executor-thread-128#
[BuildCloudUndeployModelStep] Detected deployed service keys by service "{flowmate-destination=[DeployedMtaServiceKey{name=flowmate-destination-content-flowmate-destination-credentials, metadata=CloudMetadata{guid=4bddba07-e6e5-4dd0-b1c3-9a424415eb59, createdAt=2026-06-26T08:49:06, updatedAt=2026-06-26T08:49:07, url=null}, v3Metadata=Metadata{annotations={mta_id=flowmate, mta_version=1.0.0}, labels={mta_id=084e1a9e1bfdfa7da01e493afb23fbc1, space_guid=19e2d49e-f313-4069-98bd-9ace838bf9d4}}, credentials=null, serviceInstance=CloudServiceInstance{name=flowmate-destination, metadata=CloudMetadata{guid=ea301e44-3292-414f-9511-3b89eca0303f, createdAt=2026-06-25T14:46:12, updatedAt=2026-06-25T14:46:16, url=null}, v3Metadata=Metadata{annotations={mta_id=flowmate, mta_version=1.0.0, mta_resource={"name":"flowmate-destination"}}, labels={mta_id=084e1a9e1bfdfa7da01e493afb23fbc1}}, label=null, plan=null, provider=null, broker=null, version=null, credentials={}, syslogDrainUrl=null, tags=[], type=managed, lastOperation=null}, serviceKeyOperation=null, resourceName=null}], flowmate-html5-repo-host=[DeployedMtaServiceKey{name=flowmate-app-content-flowmate-html5-repo-host-credentials, metadata=CloudMetadata{guid=02057e11-55b0-41bf-a9d4-88e5295cf026, createdAt=2026-06-26T08:49:03, updatedAt=2026-06-26T08:49:04, url=null}, v3Metadata=Metadata{annotations={mta_id=flowmate, mta_version=1.0.0}, labels={mta_id=084e1a9e1bfdfa7da01e493afb23fbc1, space_guid=19e2d49e-f313-4069-98bd-9ace838bf9d4}}, credentials=null, serviceInstance=CloudServiceInstance{name=flowmate-html5-repo-host, metadata=CloudMetadata{guid=73c7eb23-c1f2-4f3f-9b41-40fd128e6b5c, createdAt=2026-06-25T14:46:14, updatedAt=2026-06-25T14:46:16, url=null}, v3Metadata=Metadata{annotations={mta_id=flowmate, mta_version=1.0.0, mta_resource={"name":"flowmate-html5-repo-host"}}, labels={mta_id=084e1a9e1bfdfa7da01e493afb23fbc1}}, label=null, plan=null, provider=null, broker=null, version=null, credentials={}, syslogDrainUrl=null, tags=[], type=managed, lastOperation=null}, serviceKeyOperation=null, resourceName=null}, DeployedMtaServiceKey{name=flowmate-html5-repo-host-key, metadata=CloudMetadata{guid=2eff4149-77f3-461a-a1ef-47a5cacc70ef, createdAt=2026-06-26T08:49:06, updatedAt=2026-06-26T08:49:07, url=null}, v3Metadata=Metadata{annotations={mta_id=flowmate, mta_version=1.0.0}, labels={mta_id=084e1a9e1bfdfa7da01e493afb23fbc1, space_guid=19e2d49e-f313-4069-98bd-9ace838bf9d4}}, credentials=null, serviceInstance=CloudServiceInstance{name=flowmate-html5-repo-host, metadata=CloudMetadata{guid=73c7eb23-c1f2-4f3f-9b41-40fd128e6b5c, createdAt=2026-06-25T14:46:14, updatedAt=2026-06-25T14:46:16, url=null}, v3Metadata=Metadata{annotations={mta_id=flowmate, mta_version=1.0.0, mta_resource={"name":"flowmate-html5-repo-host"}}, labels={mta_id=084e1a9e1bfdfa7da01e493afb23fbc1}}, label=null, plan=null, provider=null, broker=null, version=null, credentials={}, syslogDrainUrl=null, tags=[], type=managed, lastOperation=null}, serviceKeyOperation=null, resourceName=null}], flowmate-auth=[DeployedMtaServiceKey{name=flowmate-auth-key, metadata=CloudMetadata{guid=ac40978e-6833-4073-bbaa-3d6b26413266, createdAt=2026-06-26T08:49:06, updatedAt=2026-06-26T08:49:07, url=null}, v3Metadata=Metadata{annotations={mta_id=flowmate, mta_version=1.0.0}, labels={mta_id=084e1a9e1bfdfa7da01e493afb23fbc1, space_guid=19e2d49e-f313-4069-98bd-9ace838bf9d4}}, credentials=null, serviceInstance=CloudServiceInstance{name=flowmate-auth, metadata=CloudMetadata{guid=305a35ad-a103-4c2b-816f-f04cb826df48, createdAt=2026-06-25T14:46:12, updatedAt=2026-06-25T14:46:13, url=null}, v3Metadata=Metadata{annotations={mta_id=flowmate, mta_version=1.0.0, mta_resource={"name":"flowmate-auth"}}, labels={mta_id=084e1a9e1bfdfa7da01e493afb23fbc1}}, label=null, plan=null, provider=null, broker=null, version=null, credentials={}, syslogDrainUrl=null, tags=[], type=managed, lastOperation=null}, serviceKeyOperation=null, resourceName=null}]}"#
#2026 08 15 16:14:26.661#Z#DEBUG#61dc8624-98c4-11f1-8cc9-eeee0a994573.OPERATION#flowable-async-job-executor-thread-128#
[BuildCloudUndeployModelStep] New service keys by service "{flowmate-destination=[flowmate-destination-content-flowmate-destination-credentials], flowmate-common-auth=[flowmate-common-auth-key], flowmate-html5-repo-host=[flowmate-app-content-flowmate-html5-repo-host-credentials, flowmate-html5-repo-host-key], flowmate-auth=[flowmate-auth-key]}"#
#2026 08 15 16:14:26.664#Z#DEBUG#61dc8624-98c4-11f1-8cc9-eeee0a994573.OPERATION#flowable-async-job-executor-thread-128#
[BuildCloudUndeployModelStep] Existing service keys by service "{}"#
#2026 08 15 16:14:26.664#Z#DEBUG#61dc8624-98c4-11f1-8cc9-eeee0a994573.OPERATION#flowable-async-job-executor-thread-128#
[BuildCloudUndeployModelStep] Detected service keys to delete "[]"#
#2026 08 15 16:14:26.672#Z#DEBUG#61dc8624-98c4-11f1-8cc9-eeee0a994573.OPERATION#flowable-async-job-executor-thread-128#
[BuildCloudUndeployModelStep] MTA modules: [flowmate-app-content, flowmate-destination-content, flowmate-db-deployer, flowmate-srv, flowmate-approuter]#
#2026 08 15 16:14:26.672#Z#DEBUG#61dc8624-98c4-11f1-8cc9-eeee0a994573.OPERATION#flowable-async-job-executor-thread-128#
[BuildCloudUndeployModelStep] Modules to undeploy: [ ]#
#2026 08 15 16:14:26.672#Z#DEBUG#61dc8624-98c4-11f1-8cc9-eeee0a994573.OPERATION#flowable-async-job-executor-thread-128#
[BuildCloudUndeployModelStep] Modules that won't be changed: [ ]#
#2026 08 15 16:14:26.674#Z#DEBUG#61dc8624-98c4-11f1-8cc9-eeee0a994573.OPERATION#flowable-async-job-executor-thread-128#
[BuildCloudUndeployModelStep] Subscriptions to delete: [ ]#
#2026 08 15 16:14:26.681#Z#DEBUG#61dc8624-98c4-11f1-8cc9-eeee0a994573.OPERATION#flowable-async-job-executor-thread-128#
[BuildCloudUndeployModelStep] Cloud services to delete: []#
#2026 08 15 16:14:26.682#Z#DEBUG#61dc8624-98c4-11f1-8cc9-eeee0a994573.OPERATION#flowable-async-job-executor-thread-128#
[BuildCloudUndeployModelStep] Cloud applications to undeploy: [ ]#
#2026 08 15 16:14:26.686#Z#DEBUG#61dc8624-98c4-11f1-8cc9-eeee0a994573.OPERATION#flowable-async-job-executor-thread-128#
[BuildCloudUndeployModelStep] Cloud undeployment model built#
#2026 08 15 16:14:26.686#Z#DEBUG#61dc8624-98c4-11f1-8cc9-eeee0a994573.OPERATION#flowable-async-job-executor-thread-128#
Step "Build Undeploy Model" finished#
#2026 08 15 16:14:26.731#Z#DEBUG#61dc8624-98c4-11f1-8cc9-eeee0a994573.OPERATION#flowable-async-job-executor-thread-129#
[AddDomainsStep] Executing task "addDomainsTask" of process "61dcad5a-98c4-11f1-8cc9-eeee0a994573"...#
#2026 08 15 16:14:26.733#Z#DEBUG#61dc8624-98c4-11f1-8cc9-eeee0a994573.OPERATION#flowable-async-job-executor-thread-129#
[AddDomainsStep] Custom domains: []#
#2026 08 15 16:14:26.733#Z#DEBUG#61dc8624-98c4-11f1-8cc9-eeee0a994573.OPERATION#flowable-async-job-executor-thread-129#
Step "Add Domains" finished#
#2026 08 15 16:14:26.893#Z#DEBUG#61dc8624-98c4-11f1-8cc9-eeee0a994573.OPERATION#flowable-async-job-executor-thread-131#
[ExtractBatchedServicesWithResolvedDynamicParametersStep] Executing task "prepareModulesDeploymentTask" of process "630ffd4a-98c4-11f1-8cc9-eeee0a994573"...#
#2026 08 15 16:14:26.895#Z#DEBUG#61dc8624-98c4-11f1-8cc9-eeee0a994573.OPERATION#flowable-async-job-executor-thread-131#
[ExtractBatchedServicesWithResolvedDynamicParametersStep] Extracting services and resolving dynamic parameters from batch#
#2026 08 15 16:14:26.904#Z#DEBUG#61dc8624-98c4-11f1-8cc9-eeee0a994573.OPERATION#flowable-async-job-executor-thread-131#
[ExtractBatchedServicesWithResolvedDynamicParametersStep] Services to create: [ {
  "isOptional" : false,
  "isManaged" : true,
  "name" : "flowmate-destination",
  "v3Metadata" : {
    "annotations" : {
      "mta_id" : "flowmate",
      "mta_version" : "1.0.0",
      "mta_resource" : "{\"name\":\"flowmate-destination\"}"
    },
    "labels" : {
      "mta_id" : "084e1a9e1bfdfa7da01e493afb23fbc1"
    }
  },
  "label" : "destination",
  "plan" : "lite",
  "credentials" : "********",
  "tags" : [ ],
  "type" : "managed",
  "resourceName" : "flowmate-destination",
  "shouldSkipParametersUpdate" : false,
  "shouldSkipPlanUpdate" : false,
  "shouldSkipTagsUpdate" : false,
  "shouldSkipSyslogUrlUpdate" : false
}, {
  "isOptional" : false,
  "isManaged" : true,
  "name" : "flowmate-html5-runtime",
  "v3Metadata" : {
    "annotations" : {
      "mta_id" : "flowmate",
      "mta_version" : "1.0.0",
      "mta_resource" : "{\"name\":\"flowmate-html5-runtime\"}"
    },
    "labels" : {
      "mta_id" : "084e1a9e1bfdfa7da01e493afb23fbc1"
    }
  },
  "label" : "html5-apps-repo",
  "plan" : "app-runtime",
  "credentials" : "********",
  "tags" : [ ],
  "type" : "managed",
  "resourceName" : "flowmate-html5-runtime",
  "shouldSkipParametersUpdate" : false,
  "shouldSkipPlanUpdate" : false,
  "shouldSkipTagsUpdate" : false,
  "shouldSkipSyslogUrlUpdate" : false
}, {
  "isOptional" : false,
  "isManaged" : true,
  "name" : "flowmate-html5-repo-host",
  "v3Metadata" : {
    "annotations" : {
      "mta_id" : "flowmate",
      "mta_version" : "1.0.0",
      "mta_resource" : "{\"name\":\"flowmate-html5-repo-host\"}"
    },
    "labels" : {
      "mta_id" : "084e1a9e1bfdfa7da01e493afb23fbc1"
    }
  },
  "label" : "html5-apps-repo",
  "plan" : "app-host",
  "credentials" : "********",
  "tags" : [ ],
  "type" : "managed",
  "resourceName" : "flowmate-html5-repo-host",
  "shouldSkipParametersUpdate" : false,
  "shouldSkipPlanUpdate" : false,
  "shouldSkipTagsUpdate" : false,
  "shouldSkipSyslogUrlUpdate" : false
}, {
  "isOptional" : false,
  "isManaged" : true,
  "name" : "********",
  "v3Metadata" : {
    "annotations" : {
      "mta_id" : "flowmate",
      "mta_version" : "1.0.0",
      "mta_resource" : "********"
    },
    "labels" : {
      "mta_id" : "084e1a9e1bfdfa7da01e493afb23fbc1"
    }
  },
  "label" : "xsuaa",
  "plan" : "application",
  "credentials" : "********",
  "tags" : [ ],
  "type" : "managed",
  "resourceName" : "********",
  "shouldSkipParametersUpdate" : false,
  "shouldSkipPlanUpdate" : false,
  "shouldSkipTagsUpdate" : false,
  "shouldSkipSyslogUrlUpdate" : false
}, {
  "isOptional" : false,
  "isManaged" : true,
  "name" : "********",
  "v3Metadata" : {
    "annotations" : {
      "mta_id" : "flowmate",
      "mta_version" : "1.0.0",
      "mta_resource" : "********"
    },
    "labels" : {
      "mta_id" : "084e1a9e1bfdfa7da01e493afb23fbc1"
    }
  },
  "label" : "xsuaa",
  "plan" : "application",
  "credentials" : "********",
  "tags" : [ ],
  "type" : "managed",
  "resourceName" : "********",
  "shouldSkipParametersUpdate" : false,
  "shouldSkipPlanUpdate" : false,
  "shouldSkipTagsUpdate" : false,
  "shouldSkipSyslogUrlUpdate" : false
}, {
  "isOptional" : false,
  "isManaged" : true,
  "name" : "flowmate-db",
  "v3Metadata" : {
    "annotations" : {
      "mta_id" : "flowmate",
      "mta_version" : "1.0.0",
      "mta_resource" : "{\"name\":\"flowmate-db\"}"
    },
    "labels" : {
      "mta_id" : "084e1a9e1bfdfa7da01e493afb23fbc1"
    }
  },
  "label" : "hana",
  "plan" : "hdi-shared",
  "credentials" : "********",
  "tags" : [ ],
  "type" : "managed",
  "resourceName" : "flowmate-db",
  "shouldSkipParametersUpdate" : false,
  "shouldSkipPlanUpdate" : false,
  "shouldSkipTagsUpdate" : false,
  "shouldSkipSyslogUrlUpdate" : false
} ]#
#2026 08 15 16:14:26.905#Z#DEBUG#61dc8624-98c4-11f1-8cc9-eeee0a994573.OPERATION#flowable-async-job-executor-thread-131#
Step "Extract Services with Resolved Dynamic parameters from batch" finished#
#2026 08 15 16:14:27.026#Z#DEBUG#61dc8624-98c4-11f1-8cc9-eeee0a994573.OPERATION#flowable-async-job-executor-thread-130#
[CheckServiceOperationStateStep] Executing task "CheckServiceOperationStateTask" of process "6327f16c-98c4-11f1-8cc9-eeee0a994573"...#
#2026 08 15 16:14:27.027#Z#DEBUG#61dc8624-98c4-11f1-8cc9-eeee0a994573.OPERATION#flowable-async-job-executor-thread-130#
[CheckServiceOperationStateStep] Getting service instance "flowmate-html5-runtime"...#
#2026 08 15 16:14:27.133#Z#DEBUG#61dc8624-98c4-11f1-8cc9-eeee0a994573.OPERATION#flowable-async-job-executor-thread-130#
Step "Check for service operations in Progress" finished#
#2026 08 15 16:14:27.170#Z#DEBUG#61dc8624-98c4-11f1-8cc9-eeee0a994573.OPERATION#flowable-async-job-executor-thread-129#
[DetermineServiceCreateUpdateServiceActionsStep] Executing task "DetermineServiceCreateUpdateActionsTask" of process "6327f16c-98c4-11f1-8cc9-eeee0a994573"...#
#2026 08 15 16:14:27.173#Z#INFO#61dc8624-98c4-11f1-8cc9-eeee0a994573.OPERATION#flowable-async-job-executor-thread-129#
[DetermineServiceCreateUpdateServiceActionsStep] Processing service "flowmate-html5-runtime"...#
#2026 08 15 16:14:27.179#Z#DEBUG#61dc8624-98c4-11f1-8cc9-eeee0a994573.OPERATION#flowable-async-job-executor-thread-129#
[DetermineServiceCreateUpdateServiceActionsStep] Getting service instance "flowmate-html5-runtime"...#
#2026 08 15 16:14:27.281#Z#DEBUG#61dc8624-98c4-11f1-8cc9-eeee0a994573.OPERATION#flowable-async-job-executor-thread-129#
[DetermineServiceCreateUpdateServiceActionsStep] Existing service: {
  "name" : "flowmate-html5-runtime",
  "metadata" : {
    "guid" : "a237bfc5-d57c-4205-aeeb-303e63bfe072",
    "createdAt" : [ 2026, 6, 25, 14, 46, 12 ],
    "updatedAt" : [ 2026, 6, 25, 14, 46, 13 ]
  },
  "v3Metadata" : {
    "annotations" : {
      "mta_id" : "flowmate",
      "mta_version" : "1.0.0",
      "mta_resource" : "{\"name\":\"flowmate-html5-runtime\"}"
    },
    "labels" : {
      "mta_id" : "084e1a9e1bfdfa7da01e493afb23fbc1"
    }
  },
  "label" : "html5-apps-repo",
  "plan" : "app-runtime",
  "credentials" : "********",
  "tags" : [ ],
  "type" : "managed",
  "lastOperation" : {
    "type" : "CREATE",
    "description" : "",
    "state" : "SUCCEEDED"
  }
}#
#2026 08 15 16:14:27.281#Z#WARN#61dc8624-98c4-11f1-8cc9-eeee0a994573.OPERATION#flowable-async-job-executor-thread-129#
[DetermineServiceCreateUpdateServiceActionsStep] Service parameters for service "flowmate-html5-runtime" will not be updated, as the parameters are not defined or empty.#
#2026 08 15 16:14:27.281#Z#DEBUG#61dc8624-98c4-11f1-8cc9-eeee0a994573.OPERATION#flowable-async-job-executor-thread-129#
Step "Determine update actions" finished#
#2026 08 15 16:14:27.338#Z#DEBUG#61dc8624-98c4-11f1-8cc9-eeee0a994573.OPERATION#flowable-async-job-executor-thread-132#
[CheckForServiceBindingOrKeyOperationStep] Executing task "CheckForServiceBindingOrKeyCreation" of process "6327f16c-98c4-11f1-8cc9-eeee0a994573"...#
#2026 08 15 16:14:27.340#Z#DEBUG#61dc8624-98c4-11f1-8cc9-eeee0a994573.OPERATION#flowable-async-job-executor-thread-132#
Step "Check for service binding or key creation" finished#
#2026 08 15 16:14:27.418#Z#DEBUG#61dc8624-98c4-11f1-8cc9-eeee0a994573.OPERATION#flowable-async-job-executor-thread-131#
[CheckServiceOperationStateStep] Executing task "CheckServiceOperationStateTask" of process "636289c2-98c4-11f1-8cc9-eeee0a994573"...#
#2026 08 15 16:14:27.420#Z#DEBUG#61dc8624-98c4-11f1-8cc9-eeee0a994573.OPERATION#flowable-async-job-executor-thread-131#
[CheckServiceOperationStateStep] Getting service instance "flowmate-destination"...#
#2026 08 15 16:14:27.483#Z#DEBUG#61dc8624-98c4-11f1-8cc9-eeee0a994573.OPERATION#flowable-async-job-executor-thread-133#
[CheckServiceOperationStateStep] Executing task "CheckServiceOperationStateTask" of process "636cea34-98c4-11f1-8cc9-eeee0a994573"...#
#2026 08 15 16:14:27.485#Z#DEBUG#61dc8624-98c4-11f1-8cc9-eeee0a994573.OPERATION#flowable-async-job-executor-thread-133#
[CheckServiceOperationStateStep] Getting service instance "flowmate-auth"...#
#2026 08 15 16:14:27.529#Z#DEBUG#61dc8624-98c4-11f1-8cc9-eeee0a994573.OPERATION#flowable-async-job-executor-thread-131#
Step "Check for service operations in Progress" finished#
#2026 08 15 16:14:27.544#Z#DEBUG#61dc8624-98c4-11f1-8cc9-eeee0a994573.OPERATION#flowable-async-job-executor-thread-132#
[CheckServiceOperationStateStep] Executing task "CheckServiceOperationStateTask" of process "63763933-98c4-11f1-8cc9-eeee0a994573"...#
#2026 08 15 16:14:27.546#Z#DEBUG#61dc8624-98c4-11f1-8cc9-eeee0a994573.OPERATION#flowable-async-job-executor-thread-132#
[CheckServiceOperationStateStep] Getting service instance "flowmate-html5-repo-host"...#
#2026 08 15 16:14:27.584#Z#DEBUG#61dc8624-98c4-11f1-8cc9-eeee0a994573.OPERATION#flowable-async-job-executor-thread-133#
Step "Check for service operations in Progress" finished#
#2026 08 15 16:14:27.608#Z#DEBUG#61dc8624-98c4-11f1-8cc9-eeee0a994573.OPERATION#flowable-async-job-executor-thread-126#
[CheckServiceOperationStateStep] Executing task "CheckServiceOperationStateTask" of process "63802378-98c4-11f1-8cc9-eeee0a994573"...#
#2026 08 15 16:14:27.610#Z#DEBUG#61dc8624-98c4-11f1-8cc9-eeee0a994573.OPERATION#flowable-async-job-executor-thread-126#
[CheckServiceOperationStateStep] Getting service instance "flowmate-db"...#
#2026 08 15 16:14:27.644#Z#DEBUG#61dc8624-98c4-11f1-8cc9-eeee0a994573.OPERATION#flowable-async-job-executor-thread-132#
Step "Check for service operations in Progress" finished#
#2026 08 15 16:14:27.566#Z#DEBUG#61dc8624-98c4-11f1-8cc9-eeee0a994573.OPERATION#flowable-async-job-executor-thread-131#
[DetermineServiceCreateUpdateServiceActionsStep] Executing task "DetermineServiceCreateUpdateActionsTask" of process "636289c2-98c4-11f1-8cc9-eeee0a994573"...#
#2026 08 15 16:14:27.568#Z#INFO#61dc8624-98c4-11f1-8cc9-eeee0a994573.OPERATION#flowable-async-job-executor-thread-131#
[DetermineServiceCreateUpdateServiceActionsStep] Processing service "flowmate-destination"...#
#2026 08 15 16:14:27.574#Z#DEBUG#61dc8624-98c4-11f1-8cc9-eeee0a994573.OPERATION#flowable-async-job-executor-thread-131#
[DetermineServiceCreateUpdateServiceActionsStep] Getting service instance "flowmate-destination"...#
#2026 08 15 16:14:27.629#Z#DEBUG#61dc8624-98c4-11f1-8cc9-eeee0a994573.OPERATION#flowable-async-job-executor-thread-128#
[DetermineServiceCreateUpdateServiceActionsStep] Executing task "DetermineServiceCreateUpdateActionsTask" of process "636cea34-98c4-11f1-8cc9-eeee0a994573"...#
#2026 08 15 16:14:27.633#Z#INFO#61dc8624-98c4-11f1-8cc9-eeee0a994573.OPERATION#flowable-async-job-executor-thread-128#
[DetermineServiceCreateUpdateServiceActionsStep] Processing service "flowmate-auth"...#
#2026 08 15 16:14:27.639#Z#DEBUG#61dc8624-98c4-11f1-8cc9-eeee0a994573.OPERATION#flowable-async-job-executor-thread-128#
[DetermineServiceCreateUpdateServiceActionsStep] Getting service instance "flowmate-auth"...#
#2026 08 15 16:14:27.681#Z#DEBUG#61dc8624-98c4-11f1-8cc9-eeee0a994573.OPERATION#flowable-async-job-executor-thread-132#
[DetermineServiceCreateUpdateServiceActionsStep] Executing task "DetermineServiceCreateUpdateActionsTask" of process "63763933-98c4-11f1-8cc9-eeee0a994573"...#
#2026 08 15 16:14:27.684#Z#INFO#61dc8624-98c4-11f1-8cc9-eeee0a994573.OPERATION#flowable-async-job-executor-thread-132#
[DetermineServiceCreateUpdateServiceActionsStep] Processing service "flowmate-html5-repo-host"...#
#2026 08 15 16:14:27.689#Z#DEBUG#61dc8624-98c4-11f1-8cc9-eeee0a994573.OPERATION#flowable-async-job-executor-thread-131#
[DetermineServiceCreateUpdateServiceActionsStep] Existing service: {
  "name" : "flowmate-destination",
  "metadata" : {
    "guid" : "ea301e44-3292-414f-9511-3b89eca0303f",
    "createdAt" : [ 2026, 6, 25, 14, 46, 12 ],
    "updatedAt" : [ 2026, 6, 25, 14, 46, 16 ]
  },
  "v3Metadata" : {
    "annotations" : {
      "mta_id" : "flowmate",
      "mta_version" : "1.0.0",
      "mta_resource" : "{\"name\":\"flowmate-destination\"}"
    },
    "labels" : {
      "mta_id" : "084e1a9e1bfdfa7da01e493afb23fbc1"
    }
  },
  "label" : "destination",
  "plan" : "lite",
  "credentials" : "********",
  "tags" : [ ],
  "type" : "managed",
  "lastOperation" : {
    "type" : "UPDATE",
    "description" : "",
    "state" : "SUCCEEDED"
  }
}#
#2026 08 15 16:14:27.689#Z#DEBUG#61dc8624-98c4-11f1-8cc9-eeee0a994573.OPERATION#flowable-async-job-executor-thread-131#
[DetermineServiceCreateUpdateServiceActionsStep] Service parameters will be updated#
#2026 08 15 16:14:27.690#Z#DEBUG#61dc8624-98c4-11f1-8cc9-eeee0a994573.OPERATION#flowable-async-job-executor-thread-131#
[DetermineServiceCreateUpdateServiceActionsStep] New parameters: {
  "HTML5Runtime_enabled" : true,
  "init_data" : {
    "instance" : {
      "destinations" : [ ],
      "existing_destinations_policy" : "update"
    }
  }
}#
#2026 08 15 16:14:27.690#Z#DEBUG#61dc8624-98c4-11f1-8cc9-eeee0a994573.OPERATION#flowable-async-job-executor-thread-132#
[DetermineServiceCreateUpdateServiceActionsStep] Getting service instance "flowmate-html5-repo-host"...#
#2026 08 15 16:14:27.690#Z#DEBUG#61dc8624-98c4-11f1-8cc9-eeee0a994573.OPERATION#flowable-async-job-executor-thread-131#
Step "Determine update actions" finished#
#2026 08 15 16:14:27.720#Z#DEBUG#61dc8624-98c4-11f1-8cc9-eeee0a994573.OPERATION#flowable-async-job-executor-thread-126#
Step "Check for service operations in Progress" finished#
#2026 08 15 16:14:27.744#Z#DEBUG#61dc8624-98c4-11f1-8cc9-eeee0a994573.OPERATION#flowable-async-job-executor-thread-131#
[CheckForServiceBindingOrKeyOperationStep] Executing task "CheckForServiceBindingOrKeyCreation" of process "636289c2-98c4-11f1-8cc9-eeee0a994573"...#
#2026 08 15 16:14:27.746#Z#DEBUG#61dc8624-98c4-11f1-8cc9-eeee0a994573.OPERATION#flowable-async-job-executor-thread-131#
Step "Check for service binding or key creation" finished#
#2026 08 15 16:14:27.736#Z#INFO#61dc8624-98c4-11f1-8cc9-eeee0a994573.OPERATION#flowable-async-job-executor-thread-128#
[DetermineServiceCreateUpdateServiceActionsStep] Setting service "flowmate-auth" parameters from "xs-security.json"#
#2026 08 15 16:14:27.759#Z#DEBUG#61dc8624-98c4-11f1-8cc9-eeee0a994573.OPERATION#flowable-async-job-executor-thread-126#
[DetermineServiceCreateUpdateServiceActionsStep] Executing task "DetermineServiceCreateUpdateActionsTask" of process "63802378-98c4-11f1-8cc9-eeee0a994573"...#
#2026 08 15 16:14:27.762#Z#INFO#61dc8624-98c4-11f1-8cc9-eeee0a994573.OPERATION#flowable-async-job-executor-thread-126#
[DetermineServiceCreateUpdateServiceActionsStep] Processing service "flowmate-db"...#
#2026 08 15 16:14:27.768#Z#DEBUG#61dc8624-98c4-11f1-8cc9-eeee0a994573.OPERATION#flowable-async-job-executor-thread-126#
[DetermineServiceCreateUpdateServiceActionsStep] Getting service instance "flowmate-db"...#
#2026 08 15 16:14:27.776#Z#DEBUG#61dc8624-98c4-11f1-8cc9-eeee0a994573.OPERATION#flowable-async-job-executor-thread-128#
[DetermineServiceCreateUpdateServiceActionsStep] Existing service: {
  "name" : "********",
  "metadata" : {
    "guid" : "305a35ad-a103-4c2b-816f-f04cb826df48",
    "createdAt" : [ 2026, 6, 25, 14, 46, 12 ],
    "updatedAt" : [ 2026, 6, 25, 14, 46, 13 ]
  },
  "v3Metadata" : {
    "annotations" : {
      "mta_id" : "flowmate",
      "mta_version" : "1.0.0",
      "mta_resource" : "********"
    },
    "labels" : {
      "mta_id" : "084e1a9e1bfdfa7da01e493afb23fbc1"
    }
  },
  "label" : "xsuaa",
  "plan" : "application",
  "credentials" : "********",
  "tags" : [ ],
  "type" : "managed",
  "lastOperation" : {
    "type" : "UPDATE",
    "description" : "",
    "state" : "SUCCEEDED"
  }
}#
#2026 08 15 16:14:27.776#Z#DEBUG#61dc8624-98c4-11f1-8cc9-eeee0a994573.OPERATION#flowable-async-job-executor-thread-128#
[DetermineServiceCreateUpdateServiceActionsStep] Service parameters will be updated#
#2026 08 15 16:14:27.776#Z#DEBUG#61dc8624-98c4-11f1-8cc9-eeee0a994573.OPERATION#flowable-async-job-executor-thread-128#
[DetermineServiceCreateUpdateServiceActionsStep] New parameters: {
  "attributes" : [ ],
  "authorities-inheritance" : "********",
  "oauth2-configuration" : "********",
  "role-templates" : [ {
    "name" : "Admin",
    "description" : "********",
    "scope-references" : [ "$XSAPPNAME.Admin" ]
  } ],
  "scopes" : [ {
    "name" : "$XSAPPNAME.Admin",
    "description" : "********",
    "grant-as-authority-to-apps" : "********"
  }, {
    "name" : "********",
    "description" : "********",
    "grant-as-authority-to-apps" : "********"
  }, {
    "name" : "$XSAPPNAME.VendorProvisioning",
    "description" : "Create, update, and delete Flowmate vendors through the integration API",
    "grant-as-authority-to-apps" : "********"
  } ],
  "tenant-mode" : "dedicated",
  "xsappname" : "flowmate-org-b/test"
}#
#2026 08 15 16:14:27.776#Z#DEBUG#61dc8624-98c4-11f1-8cc9-eeee0a994573.OPERATION#flowable-async-job-executor-thread-128#
Step "Determine update actions" finished#
#2026 08 15 16:14:27.782#Z#DEBUG#61dc8624-98c4-11f1-8cc9-eeee0a994573.OPERATION#flowable-async-job-executor-thread-132#
[DetermineServiceCreateUpdateServiceActionsStep] Existing service: {
  "name" : "flowmate-html5-repo-host",
  "metadata" : {
    "guid" : "73c7eb23-c1f2-4f3f-9b41-40fd128e6b5c",
    "createdAt" : [ 2026, 6, 25, 14, 46, 14 ],
    "updatedAt" : [ 2026, 6, 25, 14, 46, 16 ]
  },
  "v3Metadata" : {
    "annotations" : {
      "mta_id" : "flowmate",
      "mta_version" : "1.0.0",
      "mta_resource" : "{\"name\":\"flowmate-html5-repo-host\"}"
    },
    "labels" : {
      "mta_id" : "084e1a9e1bfdfa7da01e493afb23fbc1"
    }
  },
  "label" : "html5-apps-repo",
  "plan" : "app-host",
  "credentials" : "********",
  "tags" : [ ],
  "type" : "managed",
  "lastOperation" : {
    "type" : "CREATE",
    "description" : "",
    "state" : "SUCCEEDED"
  }
}#
#2026 08 15 16:14:27.782#Z#WARN#61dc8624-98c4-11f1-8cc9-eeee0a994573.OPERATION#flowable-async-job-executor-thread-132#
[DetermineServiceCreateUpdateServiceActionsStep] Service parameters for service "flowmate-html5-repo-host" will not be updated, as the parameters are not defined or empty.#
#2026 08 15 16:14:27.782#Z#DEBUG#61dc8624-98c4-11f1-8cc9-eeee0a994573.OPERATION#flowable-async-job-executor-thread-132#
Step "Determine update actions" finished#
#2026 08 15 16:14:27.836#Z#DEBUG#61dc8624-98c4-11f1-8cc9-eeee0a994573.OPERATION#flowable-async-job-executor-thread-132#
[CheckForServiceBindingOrKeyOperationStep] Executing task "CheckForServiceBindingOrKeyCreation" of process "63763933-98c4-11f1-8cc9-eeee0a994573"...#
#2026 08 15 16:14:27.838#Z#DEBUG#61dc8624-98c4-11f1-8cc9-eeee0a994573.OPERATION#flowable-async-job-executor-thread-132#
Step "Check for service binding or key creation" finished#
#2026 08 15 16:14:27.849#Z#DEBUG#61dc8624-98c4-11f1-8cc9-eeee0a994573.OPERATION#flowable-async-job-executor-thread-128#
[CheckForServiceBindingOrKeyOperationStep] Executing task "CheckForServiceBindingOrKeyCreation" of process "636cea34-98c4-11f1-8cc9-eeee0a994573"...#
#2026 08 15 16:14:27.853#Z#DEBUG#61dc8624-98c4-11f1-8cc9-eeee0a994573.OPERATION#flowable-async-job-executor-thread-128#
Step "Check for service binding or key creation" finished#
#2026 08 15 16:14:27.868#Z#DEBUG#61dc8624-98c4-11f1-8cc9-eeee0a994573.OPERATION#flowable-async-job-executor-thread-126#
[DetermineServiceCreateUpdateServiceActionsStep] Existing service: {
  "name" : "flowmate-db",
  "metadata" : {
    "guid" : "2ec03c65-02cd-47ca-86f2-9196c91ca3af",
    "createdAt" : [ 2026, 6, 26, 8, 48, 51 ],
    "updatedAt" : [ 2026, 6, 26, 8, 48, 51 ]
  },
  "v3Metadata" : {
    "annotations" : {
      "mta_id" : "flowmate",
      "mta_version" : "1.0.0",
      "mta_resource" : "{\"name\":\"flowmate-db\"}"
    },
    "labels" : {
      "mta_id" : "084e1a9e1bfdfa7da01e493afb23fbc1"
    }
  },
  "label" : "hana",
  "plan" : "hdi-shared",
  "credentials" : "********",
  "tags" : [ ],
  "type" : "managed",
  "lastOperation" : {
    "type" : "CREATE",
    "state" : "SUCCEEDED"
  }
}#
#2026 08 15 16:14:27.868#Z#WARN#61dc8624-98c4-11f1-8cc9-eeee0a994573.OPERATION#flowable-async-job-executor-thread-126#
[DetermineServiceCreateUpdateServiceActionsStep] Service parameters for service "flowmate-db" will not be updated, as the parameters are not defined or empty.#
#2026 08 15 16:14:27.868#Z#DEBUG#61dc8624-98c4-11f1-8cc9-eeee0a994573.OPERATION#flowable-async-job-executor-thread-126#
Step "Determine update actions" finished#
#2026 08 15 16:14:27.793#Z#DEBUG#61dc8624-98c4-11f1-8cc9-eeee0a994573.OPERATION#flowable-async-job-executor-thread-131#
[UpdateServiceParametersStep] Executing task "UpdateServiceParametersTask" of process "636289c2-98c4-11f1-8cc9-eeee0a994573"...#
#2026 08 15 16:14:27.797#Z#INFO#61dc8624-98c4-11f1-8cc9-eeee0a994573.OPERATION#flowable-async-job-executor-thread-131#
[UpdateServiceParametersStep] Updating service "flowmate-destination"...#
#2026 08 15 16:14:27.804#Z#DEBUG#61dc8624-98c4-11f1-8cc9-eeee0a994573.OPERATION#flowable-async-job-executor-thread-131#
[UpdateServiceParametersStep] Updating service parameters for service "flowmate-destination"...#
#2026 08 15 16:14:27.906#Z#DEBUG#61dc8624-98c4-11f1-8cc9-eeee0a994573.OPERATION#flowable-async-job-executor-thread-131#
[UpdateServiceParametersStep] Service "flowmate-destination" updated#
#2026 08 15 16:14:27.906#Z#DEBUG#61dc8624-98c4-11f1-8cc9-eeee0a994573.OPERATION#flowable-async-job-executor-thread-131#
[UpdateServiceParametersStep] Triggered service operations: {
  "flowmate-destination" : "UPDATE"
}#
#2026 08 15 16:14:27.908#Z#DEBUG#61dc8624-98c4-11f1-8cc9-eeee0a994573.OPERATION#flowable-async-job-executor-thread-131#
Step "Update parameters" finished#
#2026 08 15 16:14:27.923#Z#DEBUG#61dc8624-98c4-11f1-8cc9-eeee0a994573.OPERATION#flowable-async-job-executor-thread-129#
[CheckForServiceBindingOrKeyOperationStep] Executing task "CheckForServiceBindingOrKeyCreation" of process "63802378-98c4-11f1-8cc9-eeee0a994573"...#
#2026 08 15 16:14:27.926#Z#DEBUG#61dc8624-98c4-11f1-8cc9-eeee0a994573.OPERATION#flowable-async-job-executor-thread-129#
Step "Check for service binding or key creation" finished#
#2026 08 15 16:14:27.916#Z#DEBUG#61dc8624-98c4-11f1-8cc9-eeee0a994573.OPERATION#flowable-async-job-executor-thread-128#
[UpdateServiceParametersStep] Executing task "UpdateServiceParametersTask" of process "636cea34-98c4-11f1-8cc9-eeee0a994573"...#
#2026 08 15 16:14:27.922#Z#INFO#61dc8624-98c4-11f1-8cc9-eeee0a994573.OPERATION#flowable-async-job-executor-thread-128#
[UpdateServiceParametersStep] Updating service "flowmate-auth"...#
#2026 08 15 16:14:27.928#Z#DEBUG#61dc8624-98c4-11f1-8cc9-eeee0a994573.OPERATION#flowable-async-job-executor-thread-128#
[UpdateServiceParametersStep] Updating service parameters for service "flowmate-auth"...#
#2026 08 15 16:14:28.030#Z#DEBUG#61dc8624-98c4-11f1-8cc9-eeee0a994573.OPERATION#flowable-async-job-executor-thread-128#
[UpdateServiceParametersStep] Service "flowmate-auth" updated#
#2026 08 15 16:14:28.030#Z#DEBUG#61dc8624-98c4-11f1-8cc9-eeee0a994573.OPERATION#flowable-async-job-executor-thread-128#
[UpdateServiceParametersStep] Triggered service operations: {
  "flowmate-auth" : "UPDATE"
}#
#2026 08 15 16:14:28.032#Z#DEBUG#61dc8624-98c4-11f1-8cc9-eeee0a994573.OPERATION#flowable-async-job-executor-thread-128#
Step "Update parameters" finished#
#2026 08 15 16:14:28.363#Z#DEBUG#61dc8624-98c4-11f1-8cc9-eeee0a994573.OPERATION#flowable-async-job-executor-thread-1236#
[CheckServiceOperationStateStep] Executing task "CheckServiceOperationStateTask" of process "63f664f6-98c4-11f1-9e4f-eeee0a92ed50"...#
#2026 08 15 16:14:28.445#Z#DEBUG#61dc8624-98c4-11f1-8cc9-eeee0a994573.OPERATION#flowable-async-job-executor-thread-1236#
[CheckServiceOperationStateStep] Getting service instance "flowmate-api-auth"...#
#2026 08 15 16:14:28.580#Z#DEBUG#61dc8624-98c4-11f1-8cc9-eeee0a994573.OPERATION#flowable-async-job-executor-thread-1236#
Step "Check for service operations in Progress" finished#
#2026 08 15 16:14:28.603#Z#DEBUG#61dc8624-98c4-11f1-8cc9-eeee0a994573.OPERATION#flowable-async-job-executor-thread-1237#
[DetermineServiceCreateUpdateServiceActionsStep] Executing task "DetermineServiceCreateUpdateActionsTask" of process "63f664f6-98c4-11f1-9e4f-eeee0a92ed50"...#
#2026 08 15 16:14:28.604#Z#INFO#61dc8624-98c4-11f1-8cc9-eeee0a994573.OPERATION#flowable-async-job-executor-thread-1237#
[DetermineServiceCreateUpdateServiceActionsStep] Processing service "flowmate-api-auth"...#
#2026 08 15 16:14:28.608#Z#DEBUG#61dc8624-98c4-11f1-8cc9-eeee0a994573.OPERATION#flowable-async-job-executor-thread-1237#
[DetermineServiceCreateUpdateServiceActionsStep] Getting service instance "flowmate-api-auth"...#
#2026 08 15 16:14:28.692#Z#INFO#61dc8624-98c4-11f1-8cc9-eeee0a994573.OPERATION#flowable-async-job-executor-thread-1237#
[DetermineServiceCreateUpdateServiceActionsStep] Setting service "flowmate-api-auth" parameters from "xs-security-api.json"#
#2026 08 15 16:14:28.748#Z#DEBUG#61dc8624-98c4-11f1-8cc9-eeee0a994573.OPERATION#flowable-async-job-executor-thread-1237#
[DetermineServiceCreateUpdateServiceActionsStep] Existing service: {
  "name" : "********",
  "metadata" : {
    "guid" : "5cea3cce-ddbd-42df-bcbe-7835e984bfbf",
    "createdAt" : [ 2026, 7, 19, 13, 41, 48 ],
    "updatedAt" : [ 2026, 7, 19, 13, 41, 48 ]
  },
  "v3Metadata" : {
    "annotations" : {
      "mta_id" : "flowmate",
      "mta_version" : "1.0.0",
      "mta_resource" : "********"
    },
    "labels" : {
      "mta_id" : "084e1a9e1bfdfa7da01e493afb23fbc1"
    }
  },
  "label" : "xsuaa",
  "plan" : "application",
  "credentials" : "********",
  "tags" : [ ],
  "type" : "managed",
  "lastOperation" : {
    "type" : "UPDATE",
    "description" : "",
    "state" : "SUCCEEDED"
  }
}#
#2026 08 15 16:14:28.748#Z#DEBUG#61dc8624-98c4-11f1-8cc9-eeee0a994573.OPERATION#flowable-async-job-executor-thread-1237#
[DetermineServiceCreateUpdateServiceActionsStep] Service parameters will be updated#
#2026 08 15 16:14:28.748#Z#DEBUG#61dc8624-98c4-11f1-8cc9-eeee0a994573.OPERATION#flowable-async-job-executor-thread-1237#
[DetermineServiceCreateUpdateServiceActionsStep] New parameters: {
  "authorities" : "********",
  "oauth2-configuration" : "********",
  "tenant-mode" : "dedicated",
  "xsappname" : "flowmate-api-client"
}#
#2026 08 15 16:14:28.749#Z#DEBUG#61dc8624-98c4-11f1-8cc9-eeee0a994573.OPERATION#flowable-async-job-executor-thread-1237#
Step "Determine update actions" finished#
#2026 08 15 16:14:28.778#Z#DEBUG#61dc8624-98c4-11f1-8cc9-eeee0a994573.OPERATION#flowable-async-job-executor-thread-1238#
[CheckForServiceBindingOrKeyOperationStep] Executing task "CheckForServiceBindingOrKeyCreation" of process "63f664f6-98c4-11f1-9e4f-eeee0a92ed50"...#
#2026 08 15 16:14:28.779#Z#DEBUG#61dc8624-98c4-11f1-8cc9-eeee0a994573.OPERATION#flowable-async-job-executor-thread-1238#
Step "Check for service binding or key creation" finished#
#2026 08 15 16:14:28.804#Z#DEBUG#61dc8624-98c4-11f1-8cc9-eeee0a994573.OPERATION#flowable-async-job-executor-thread-1239#
[UpdateServiceParametersStep] Executing task "UpdateServiceParametersTask" of process "63f664f6-98c4-11f1-9e4f-eeee0a92ed50"...#
#2026 08 15 16:14:28.806#Z#INFO#61dc8624-98c4-11f1-8cc9-eeee0a994573.OPERATION#flowable-async-job-executor-thread-1239#
[UpdateServiceParametersStep] Updating service "flowmate-api-auth"...#
#2026 08 15 16:14:28.810#Z#DEBUG#61dc8624-98c4-11f1-8cc9-eeee0a994573.OPERATION#flowable-async-job-executor-thread-1239#
[UpdateServiceParametersStep] Updating service parameters for service "flowmate-api-auth"...#
#2026 08 15 16:14:28.907#Z#DEBUG#61dc8624-98c4-11f1-8cc9-eeee0a994573.OPERATION#flowable-async-job-executor-thread-1239#
[UpdateServiceParametersStep] Service "flowmate-api-auth" updated#
#2026 08 15 16:14:28.907#Z#DEBUG#61dc8624-98c4-11f1-8cc9-eeee0a994573.OPERATION#flowable-async-job-executor-thread-1239#
[UpdateServiceParametersStep] Triggered service operations: {
  "flowmate-api-auth" : "UPDATE"
}#
#2026 08 15 16:14:28.908#Z#DEBUG#61dc8624-98c4-11f1-8cc9-eeee0a994573.OPERATION#flowable-async-job-executor-thread-1239#
Step "Update parameters" finished#
#2026 08 15 16:14:33.071#Z#DEBUG#61dc8624-98c4-11f1-8cc9-eeee0a994573.OPERATION#flowable-async-job-executor-thread-135#
[UpdateServiceParametersStep] Executing task "UpdateServiceParametersTask" of process "636289c2-98c4-11f1-8cc9-eeee0a994573"...#
#2026 08 15 16:14:33.073#Z#DEBUG#61dc8624-98c4-11f1-8cc9-eeee0a994573.OPERATION#flowable-async-job-executor-thread-135#
[UpdateServiceParametersStep] Polling service operations...#
#2026 08 15 16:14:33.077#Z#DEBUG#61dc8624-98c4-11f1-8cc9-eeee0a994573.OPERATION#flowable-async-job-executor-thread-135#
[UpdateServiceParametersStep] Getting service instance "flowmate-destination"...#
#2026 08 15 16:14:33.176#Z#DEBUG#61dc8624-98c4-11f1-8cc9-eeee0a994573.OPERATION#flowable-async-job-executor-thread-135#
[UpdateServiceParametersStep] Last operation for service "flowmate-destination": {
  "type" : "UPDATE",
  "description" : "",
  "state" : "SUCCEEDED"
}#
#2026 08 15 16:14:33.176#Z#DEBUG#61dc8624-98c4-11f1-8cc9-eeee0a994573.OPERATION#flowable-async-job-executor-thread-135#
[UpdateServiceParametersStep] Service "flowmate-destination" updated#
#2026 08 15 16:14:33.176#Z#INFO#61dc8624-98c4-11f1-8cc9-eeee0a994573.OPERATION#flowable-async-job-executor-thread-135#
[UpdateServiceParametersStep] 1 of 1 done#
#2026 08 15 16:14:33.182#Z#DEBUG#61dc8624-98c4-11f1-8cc9-eeee0a994573.OPERATION#flowable-async-job-executor-thread-135#
[UpdateServiceParametersStep] Remaining services to poll: [ ]#
#2026 08 15 16:14:33.184#Z#DEBUG#61dc8624-98c4-11f1-8cc9-eeee0a994573.OPERATION#flowable-async-job-executor-thread-135#
Step "Update parameters" finished#
#2026 08 15 16:14:40.452#Z#DEBUG#61dc8624-98c4-11f1-8cc9-eeee0a994573.OPERATION#flowable-async-job-executor-thread-1242#
[UpdateServiceParametersStep] Executing task "UpdateServiceParametersTask" of process "636cea34-98c4-11f1-8cc9-eeee0a994573"...#
#2026 08 15 16:14:40.452#Z#DEBUG#61dc8624-98c4-11f1-8cc9-eeee0a994573.OPERATION#flowable-async-job-executor-thread-1242#
[UpdateServiceParametersStep] Polling service operations...#
#2026 08 15 16:14:40.453#Z#DEBUG#61dc8624-98c4-11f1-8cc9-eeee0a994573.OPERATION#flowable-async-job-executor-thread-1243#
[UpdateServiceParametersStep] Executing task "UpdateServiceParametersTask" of process "63f664f6-98c4-11f1-9e4f-eeee0a92ed50"...#
#2026 08 15 16:14:40.454#Z#DEBUG#61dc8624-98c4-11f1-8cc9-eeee0a994573.OPERATION#flowable-async-job-executor-thread-1243#
[UpdateServiceParametersStep] Polling service operations...#
#2026 08 15 16:14:40.454#Z#DEBUG#61dc8624-98c4-11f1-8cc9-eeee0a994573.OPERATION#flowable-async-job-executor-thread-1242#
[UpdateServiceParametersStep] Getting service instance "flowmate-auth"...#
#2026 08 15 16:14:40.455#Z#DEBUG#61dc8624-98c4-11f1-8cc9-eeee0a994573.OPERATION#flowable-async-job-executor-thread-1243#
[UpdateServiceParametersStep] Getting service instance "flowmate-api-auth"...#
#2026 08 15 16:14:40.552#Z#DEBUG#61dc8624-98c4-11f1-8cc9-eeee0a994573.OPERATION#flowable-async-job-executor-thread-1243#
[UpdateServiceParametersStep] Last operation for service "flowmate-api-auth": {
  "type" : "UPDATE",
  "description" : "",
  "state" : "SUCCEEDED"
}#
#2026 08 15 16:14:40.552#Z#DEBUG#61dc8624-98c4-11f1-8cc9-eeee0a994573.OPERATION#flowable-async-job-executor-thread-1243#
[UpdateServiceParametersStep] Service "flowmate-api-auth" updated#
#2026 08 15 16:14:40.552#Z#INFO#61dc8624-98c4-11f1-8cc9-eeee0a994573.OPERATION#flowable-async-job-executor-thread-1243#
[UpdateServiceParametersStep] 1 of 1 done#
#2026 08 15 16:14:40.554#Z#DEBUG#61dc8624-98c4-11f1-8cc9-eeee0a994573.OPERATION#flowable-async-job-executor-thread-1242#
[UpdateServiceParametersStep] Last operation for service "flowmate-auth": {
  "type" : "UPDATE",
  "description" : "",
  "state" : "SUCCEEDED"
}#
#2026 08 15 16:14:40.554#Z#DEBUG#61dc8624-98c4-11f1-8cc9-eeee0a994573.OPERATION#flowable-async-job-executor-thread-1242#
[UpdateServiceParametersStep] Service "flowmate-auth" updated#
#2026 08 15 16:14:40.554#Z#INFO#61dc8624-98c4-11f1-8cc9-eeee0a994573.OPERATION#flowable-async-job-executor-thread-1242#
[UpdateServiceParametersStep] 1 of 1 done#
#2026 08 15 16:14:40.556#Z#DEBUG#61dc8624-98c4-11f1-8cc9-eeee0a994573.OPERATION#flowable-async-job-executor-thread-1243#
[UpdateServiceParametersStep] Remaining services to poll: [ ]#
#2026 08 15 16:14:40.558#Z#DEBUG#61dc8624-98c4-11f1-8cc9-eeee0a994573.OPERATION#flowable-async-job-executor-thread-1243#
Step "Update parameters" finished#
#2026 08 15 16:14:40.559#Z#DEBUG#61dc8624-98c4-11f1-8cc9-eeee0a994573.OPERATION#flowable-async-job-executor-thread-1242#
[UpdateServiceParametersStep] Remaining services to poll: [ ]#
#2026 08 15 16:14:40.559#Z#DEBUG#61dc8624-98c4-11f1-8cc9-eeee0a994573.OPERATION#flowable-async-job-executor-thread-1242#
Step "Update parameters" finished#
#2026 08 15 16:14:41.144#Z#DEBUG#61dc8624-98c4-11f1-8cc9-eeee0a994573.OPERATION#flowable-async-job-executor-thread-107#
[PrepareModulesDeploymentStep] Executing task "prepareModulesDeploymentTask" of process "6b8c3a60-98c4-11f1-a1ea-eeee0a8ddf69"...#
#2026 08 15 16:14:41.146#Z#DEBUG#61dc8624-98c4-11f1-8cc9-eeee0a994573.OPERATION#flowable-async-job-executor-thread-107#
[PrepareModulesDeploymentStep] Preparing modules deployment...#
#2026 08 15 16:14:41.154#Z#DEBUG#61dc8624-98c4-11f1-8cc9-eeee0a994573.OPERATION#flowable-async-job-executor-thread-107#
Step "Prepare Modules Deployment" finished#
#2026 08 15 16:14:41.195#Z#DEBUG#61dc8624-98c4-11f1-8cc9-eeee0a994573.OPERATION#flowable-async-job-executor-thread-108#
[ComputeNextModulesStep] Executing task "computeNextModulesToDeployInParallel" of process "6b8c3a60-98c4-11f1-a1ea-eeee0a8ddf69"...#
#2026 08 15 16:14:41.196#Z#DEBUG#61dc8624-98c4-11f1-8cc9-eeee0a994573.OPERATION#flowable-async-job-executor-thread-108#
[ComputeNextModulesStep] Computing modules for next parallel iteration...#
#2026 08 15 16:14:41.279#Z#DEBUG#61dc8624-98c4-11f1-8cc9-eeee0a994573.OPERATION#flowable-async-job-executor-thread-108#
[ComputeNextModulesStep] Completed modules detected: []#
#2026 08 15 16:14:41.279#Z#DEBUG#61dc8624-98c4-11f1-8cc9-eeee0a994573.OPERATION#flowable-async-job-executor-thread-108#
[ComputeNextModulesStep] All modules for deploy detected: [flowmate-app-content, flowmate-destination-content, flowmate-db-deployer, flowmate-srv, flowmate-approuter]#
#2026 08 15 16:14:41.279#Z#DEBUG#61dc8624-98c4-11f1-8cc9-eeee0a994573.OPERATION#flowable-async-job-executor-thread-108#
[ComputeNextModulesStep] Modules not for deploy detected: []#
#2026 08 15 16:14:41.281#Z#DEBUG#61dc8624-98c4-11f1-8cc9-eeee0a994573.OPERATION#flowable-async-job-executor-thread-108#
[ComputeNextModulesStep] Computed modules for next parallel iteration: [ {
  "majorSchemaVersion" : 3,
  "name" : "flowmate-app-content",
  "type" : "com.sap.application.content",
  "path" : "flowmate-app-content",
  "properties" : { },
  "parameters" : {
    "app-name" : "flowmate-app-content",
    "default-app-name" : "flowmate-app-content",
    "default-host" : "dialog-axiata-plc-arize-qas-9339ozek-org-a-qas-org-b-te6a73593b",
    "default-instances" : 1,
    "default-live-app-name" : "flowmate-app-content",
    "default-live-domain" : "cfapps.ap11.hana.ondemand.com",
    "default-live-host" : "dialog-axiata-plc-arize-qas-9339ozek-org-a-qas-org-b-te6a73593b",
    "default-live-uri" : "dialog-axiata-plc-arize-qas-9339ozek-org-a-qas-org-b-te6a73593b.cfapps.ap11.hana.ondemand.com",
    "default-live-url" : "https://dialog-axiata-plc-arize-qas-9339ozek-org-a-qas-org-b-te6a73593b.cfapps.ap11.hana.ondemand.com",
    "default-uri" : "dialog-axiata-plc-arize-qas-9339ozek-org-a-qas-org-b-te6a73593b.cfapps.ap11.hana.ondemand.com",
    "default-url" : "https://dialog-axiata-plc-arize-qas-9339ozek-org-a-qas-org-b-te6a73593b.cfapps.ap11.hana.ondemand.com",
    "dependency-type" : "soft",
    "domain" : "cfapps.ap11.hana.ondemand.com",
    "generated-password" : "********",
    "generated-user" : "********",
    "host" : "dialog-axiata-plc-arize-qas-9339ozek-org-a-qas-org-b-te6a73593b",
    "instances" : 1,
    "protocol" : "https"
  },
  "requiredDependencies" : [ {
    "majorSchemaVersion" : 3,
    "name" : "flowmate-html5-repo-host",
    "properties" : { },
    "parameters" : {
      "content-target" : true
    },
    "propertiesMetadata" : {
      "metadata" : { }
    },
    "parametersMetadata" : {
      "metadata" : { }
    }
  } ],
  "providedDependencies" : [ {
    "majorSchemaVersion" : 3,
    "name" : "flowmate-app-content",
    "isPublic" : false,
    "properties" : { },
    "parameters" : { },
    "propertiesMetadata" : {
      "metadata" : { }
    },
    "parametersMetadata" : {
      "metadata" : { }
    }
  } ],
  "propertiesMetadata" : {
    "metadata" : { }
  },
  "parametersMetadata" : {
    "metadata" : { }
  },
  "deployedAfter" : [ ],
  "hooks" : [ ]
}, {
  "majorSchemaVersion" : 3,
  "name" : "flowmate-approuter",
  "type" : "javascript.nodejs",
  "path" : "flowmate-approuter",
  "properties" : {
    "INCOMING_CONNECTION_TIMEOUT" : 600000
  },
  "parameters" : {
    "app-name" : "flowmate-approuter",
    "buildpack" : "nodejs_buildpack",
    "default-app-name" : "flowmate-approuter",
    "default-host" : "dialog-axiata-plc-arize-qas-9339ozek-org-a-qas-org-b-te3bf718a2",
    "default-instances" : 1,
    "default-live-app-name" : "flowmate-approuter",
    "default-live-domain" : "cfapps.ap11.hana.ondemand.com",
    "default-live-host" : "dialog-axiata-plc-arize-qas-9339ozek-org-a-qas-org-b-te3bf718a2",
    "default-live-uri" : "dialog-axiata-plc-arize-qas-9339ozek-org-a-qas-org-b-te3bf718a2.cfapps.ap11.hana.ondemand.com",
    "default-live-url" : "https://dialog-axiata-plc-arize-qas-9339ozek-org-a-qas-org-b-te3bf718a2.cfapps.ap11.hana.ondemand.com",
    "default-uri" : "dialog-axiata-plc-arize-qas-9339ozek-org-a-qas-org-b-te3bf718a2.cfapps.ap11.hana.ondemand.com",
    "default-url" : "https://dialog-axiata-plc-arize-qas-9339ozek-org-a-qas-org-b-te3bf718a2.cfapps.ap11.hana.ondemand.com",
    "dependency-type" : "soft",
    "disk-quota" : "512M",
    "domain" : "cfapps.ap11.hana.ondemand.com",
    "generated-password" : "********",
    "generated-user" : "********",
    "host" : "dialog-axiata-plc-arize-qas-9339ozek-org-a-qas-org-b-te3bf718a2",
    "instances" : 1,
    "memory" : "256M",
    "protocol" : "https"
  },
  "requiredDependencies" : [ {
    "majorSchemaVersion" : 3,
    "name" : "********",
    "properties" : { },
    "parameters" : { },
    "propertiesMetadata" : {
      "metadata" : { }
    },
    "parametersMetadata" : {
      "metadata" : { }
    }
  }, {
    "majorSchemaVersion" : 3,
    "name" : "flowmate-html5-runtime",
    "properties" : { },
    "parameters" : { },
    "propertiesMetadata" : {
      "metadata" : { }
    },
    "parametersMetadata" : {
      "metadata" : { }
    }
  }, {
    "majorSchemaVersion" : 3,
    "name" : "flowmate-destination",
    "properties" : { },
    "parameters" : { },
    "propertiesMetadata" : {
      "metadata" : { }
    },
    "parametersMetadata" : {
      "metadata" : { }
    }
  }, {
    "majorSchemaVersion" : 3,
    "name" : "srv-api",
    "group" : "destinations",
    "properties" : {
      "forwardAuthToken" : "********",
      "name" : "srv-api",
      "timeout" : 600000,
      "url" : "https://dialog-axiata-plc-arize-qas-9339ozek-org-a-qas-org-b-te48c9fbef.cfapps.ap11.hana.ondemand.com"
    },
    "parameters" : { },
    "propertiesMetadata" : {
      "metadata" : { }
    },
    "parametersMetadata" : {
      "metadata" : { }
    }
  } ],
  "providedDependencies" : [ {
    "majorSchemaVersion" : 3,
    "name" : "flowmate-approuter",
    "isPublic" : false,
    "properties" : { },
    "parameters" : { },
    "propertiesMetadata" : {
      "metadata" : { }
    },
    "parametersMetadata" : {
      "metadata" : { }
    }
  } ],
  "propertiesMetadata" : {
    "metadata" : { }
  },
  "parametersMetadata" : {
    "metadata" : { }
  },
  "deployedAfter" : [ ],
  "hooks" : [ ]
}, {
  "majorSchemaVersion" : 3,
  "name" : "flowmate-srv",
  "type" : "javascript.nodejs",
  "path" : "flowmate-srv",
  "properties" : { },
  "parameters" : {
    "app-name" : "flowmate-srv",
    "buildpack" : "nodejs_buildpack",
    "default-app-name" : "flowmate-srv",
    "default-host" : "dialog-axiata-plc-arize-qas-9339ozek-org-a-qas-org-b-te48c9fbef",
    "default-instances" : 1,
    "default-live-app-name" : "flowmate-srv",
    "default-live-domain" : "cfapps.ap11.hana.ondemand.com",
    "default-live-host" : "dialog-axiata-plc-arize-qas-9339ozek-org-a-qas-org-b-te48c9fbef",
    "default-live-uri" : "dialog-axiata-plc-arize-qas-9339ozek-org-a-qas-org-b-te48c9fbef.cfapps.ap11.hana.ondemand.com",
    "default-live-url" : "https://dialog-axiata-plc-arize-qas-9339ozek-org-a-qas-org-b-te48c9fbef.cfapps.ap11.hana.ondemand.com",
    "default-uri" : "dialog-axiata-plc-arize-qas-9339ozek-org-a-qas-org-b-te48c9fbef.cfapps.ap11.hana.ondemand.com",
    "default-url" : "https://dialog-axiata-plc-arize-qas-9339ozek-org-a-qas-org-b-te48c9fbef.cfapps.ap11.hana.ondemand.com",
    "dependency-type" : "soft",
    "domain" : "cfapps.ap11.hana.ondemand.com",
    "generated-password" : "********",
    "generated-user" : "********",
    "host" : "dialog-axiata-plc-arize-qas-9339ozek-org-a-qas-org-b-te48c9fbef",
    "instances" : 1,
    "protocol" : "https"
  },
  "requiredDependencies" : [ {
    "majorSchemaVersion" : 3,
    "name" : "********",
    "properties" : { },
    "parameters" : { },
    "propertiesMetadata" : {
      "metadata" : { }
    },
    "parametersMetadata" : {
      "metadata" : { }
    }
  }, {
    "majorSchemaVersion" : 3,
    "name" : "flowmate-db",
    "properties" : { },
    "parameters" : { },
    "propertiesMetadata" : {
      "metadata" : { }
    },
    "parametersMetadata" : {
      "metadata" : { }
    }
  }, {
    "majorSchemaVersion" : 3,
    "name" : "flowmate-destination",
    "properties" : { },
    "parameters" : { },
    "propertiesMetadata" : {
      "metadata" : { }
    },
    "parametersMetadata" : {
      "metadata" : { }
    }
  } ],
  "providedDependencies" : [ {
    "majorSchemaVersion" : 3,
    "name" : "srv-api",
    "isPublic" : false,
    "properties" : {
      "srv-url" : "https://dialog-axiata-plc-arize-qas-9339ozek-org-a-qas-org-b-te48c9fbef.cfapps.ap11.hana.ondemand.com"
    },
    "parameters" : { },
    "propertiesMetadata" : {
      "metadata" : { }
    },
    "parametersMetadata" : {
      "metadata" : { }
    }
  }, {
    "majorSchemaVersion" : 3,
    "name" : "flowmate-srv",
    "isPublic" : false,
    "properties" : { },
    "parameters" : { },
    "propertiesMetadata" : {
      "metadata" : { }
    },
    "parametersMetadata" : {
      "metadata" : { }
    }
  } ],
  "propertiesMetadata" : {
    "metadata" : { }
  },
  "parametersMetadata" : {
    "metadata" : { }
  },
  "deployedAfter" : [ ],
  "hooks" : [ ]
}, {
  "majorSchemaVersion" : 3,
  "name" : "flowmate-db-deployer",
  "type" : "com.sap.xs.hdi",
  "path" : "flowmate-db-deployer",
  "properties" : {
    "EXIT" : 1
  },
  "parameters" : {
    "app-name" : "flowmate-db-deployer",
    "buildpack" : "nodejs_buildpack",
    "default-app-name" : "flowmate-db-deployer",
    "default-host" : "dialog-axiata-plc-arize-qas-9339ozek-org-a-qas-org-b-te18eeb5c5",
    "default-instances" : 1,
    "default-live-app-name" : "flowmate-db-deployer",
    "default-live-domain" : "cfapps.ap11.hana.ondemand.com",
    "default-live-host" : "dialog-axiata-plc-arize-qas-9339ozek-org-a-qas-org-b-te18eeb5c5",
    "default-live-uri" : "dialog-axiata-plc-arize-qas-9339ozek-org-a-qas-org-b-te18eeb5c5.cfapps.ap11.hana.ondemand.com",
    "default-live-url" : "https://dialog-axiata-plc-arize-qas-9339ozek-org-a-qas-org-b-te18eeb5c5.cfapps.ap11.hana.ondemand.com",
    "default-uri" : "dialog-axiata-plc-arize-qas-9339ozek-org-a-qas-org-b-te18eeb5c5.cfapps.ap11.hana.ondemand.com",
    "default-url" : "https://dialog-axiata-plc-arize-qas-9339ozek-org-a-qas-org-b-te18eeb5c5.cfapps.ap11.hana.ondemand.com",
    "dependency-type" : "hard",
    "domain" : "cfapps.ap11.hana.ondemand.com",
    "generated-password" : "********",
    "generated-user" : "********",
    "host" : "dialog-axiata-plc-arize-qas-9339ozek-org-a-qas-org-b-te18eeb5c5",
    "instances" : 1,
    "memory" : "256M",
    "no-route" : true,
    "no-start" : true,
    "protocol" : "https",
    "tasks" : [ {
      "command" : "npm start",
      "memory" : "256M",
      "name" : "deploy"
    } ]
  },
  "requiredDependencies" : [ {
    "majorSchemaVersion" : 3,
    "name" : "flowmate-db",
    "properties" : { },
    "parameters" : { },
    "propertiesMetadata" : {
      "metadata" : { }
    },
    "parametersMetadata" : {
      "metadata" : { }
    }
  } ],
  "providedDependencies" : [ {
    "majorSchemaVersion" : 3,
    "name" : "flowmate-db-deployer",
    "isPublic" : false,
    "properties" : { },
    "parameters" : { },
    "propertiesMetadata" : {
      "metadata" : { }
    },
    "parametersMetadata" : {
      "metadata" : { }
    }
  } ],
  "propertiesMetadata" : {
    "metadata" : { }
  },
  "parametersMetadata" : {
    "metadata" : { }
  },
  "deployedAfter" : [ ],
  "hooks" : [ ]
}, {
  "majorSchemaVersion" : 3,
  "name" : "flowmate-destination-content",
  "type" : "com.sap.application.content",
  "properties" : { },
  "parameters" : {
    "app-name" : "flowmate-destination-content",
    "content" : {
      "instance" : {
        "destinations" : [ {
          "Authentication" : "********",
          "HTML5.DynamicDestination" : true,
          "HTML5.Timeout" : 600000,
          "Name" : "srv-api",
          "TokenServiceInstanceName" : "********",
          "TokenServiceKeyName" : "********",
          "URL" : "https://dialog-axiata-plc-arize-qas-9339ozek-org-a-qas-org-b-te48c9fbef.cfapps.ap11.hana.ondemand.com"
        }, {
          "Name" : "flowmate-html5-repo-host",
          "ServiceInstanceName" : "flowmate-html5-repo-host",
          "ServiceKeyName" : "********",
          "sap.cloud.service" : "flowmate.service"
        }, {
          "Authentication" : "********",
          "Name" : "********",
          "ServiceInstanceName" : "********",
          "ServiceKeyName" : "********"
        }, {
          "Authentication" : "********",
          "Name" : "flowmate-common-api",
          "TokenServiceInstanceName" : "********",
          "TokenServiceKeyName" : "********",
          "URL" : "https://flowmate-common-srv-org-b-test.cfapps.ap11.hana.ondemand.com/odata/v4/flowmate-common"
        } ],
        "existing_destinations_policy" : "update"
      }
    },
    "default-app-name" : "flowmate-destination-content",
    "default-host" : "dialog-axiata-plc-arize-qas-9339ozek-org-a-qas-org-b-te5f76444e",
    "default-instances" : 1,
    "default-live-app-name" : "flowmate-destination-content",
    "default-live-domain" : "cfapps.ap11.hana.ondemand.com",
    "default-live-host" : "dialog-axiata-plc-arize-qas-9339ozek-org-a-qas-org-b-te5f76444e",
    "default-live-uri" : "dialog-axiata-plc-arize-qas-9339ozek-org-a-qas-org-b-te5f76444e.cfapps.ap11.hana.ondemand.com",
    "default-live-url" : "https://dialog-axiata-plc-arize-qas-9339ozek-org-a-qas-org-b-te5f76444e.cfapps.ap11.hana.ondemand.com",
    "default-uri" : "dialog-axiata-plc-arize-qas-9339ozek-org-a-qas-org-b-te5f76444e.cfapps.ap11.hana.ondemand.com",
    "default-url" : "https://dialog-axiata-plc-arize-qas-9339ozek-org-a-qas-org-b-te5f76444e.cfapps.ap11.hana.ondemand.com",
    "dependency-type" : "soft",
    "domain" : "cfapps.ap11.hana.ondemand.com",
    "generated-password" : "********",
    "generated-user" : "********",
    "host" : "dialog-axiata-plc-arize-qas-9339ozek-org-a-qas-org-b-te5f76444e",
    "instances" : 1,
    "protocol" : "https"
  },
  "requiredDependencies" : [ {
    "majorSchemaVersion" : 3,
    "name" : "********",
    "properties" : { },
    "parameters" : {
      "service-key" : "********"
    },
    "propertiesMetadata" : {
      "metadata" : { }
    },
    "parametersMetadata" : {
      "metadata" : { }
    }
  }, {
    "majorSchemaVersion" : 3,
    "name" : "flowmate-html5-repo-host",
    "properties" : { },
    "parameters" : {
      "service-key" : "********"
    },
    "propertiesMetadata" : {
      "metadata" : { }
    },
    "parametersMetadata" : {
      "metadata" : { }
    }
  }, {
    "majorSchemaVersion" : 3,
    "name" : "srv-api",
    "properties" : { },
    "parameters" : { },
    "propertiesMetadata" : {
      "metadata" : { }
    },
    "parametersMetadata" : {
      "metadata" : { }
    }
  }, {
    "majorSchemaVersion" : 3,
    "name" : "********",
    "properties" : { },
    "parameters" : {
      "service-key" : "********"
    },
    "propertiesMetadata" : {
      "metadata" : { }
    },
    "parametersMetadata" : {
      "metadata" : { }
    }
  }, {
    "majorSchemaVersion" : 3,
    "name" : "flowmate-destination",
    "properties" : { },
    "parameters" : {
      "content-target" : true
    },
    "propertiesMetadata" : {
      "metadata" : { }
    },
    "parametersMetadata" : {
      "metadata" : { }
    }
  } ],
  "providedDependencies" : [ {
    "majorSchemaVersion" : 3,
    "name" : "flowmate-destination-content",
    "isPublic" : false,
    "properties" : { },
    "parameters" : { },
    "propertiesMetadata" : {
      "metadata" : { }
    },
    "parametersMetadata" : {
      "metadata" : { }
    }
  } ],
  "propertiesMetadata" : {
    "metadata" : { }
  },
  "parametersMetadata" : {
    "metadata" : { }
  },
  "deployedAfter" : [ ],
  "hooks" : [ ]
} ]#
#2026 08 15 16:14:41.282#Z#DEBUG#61dc8624-98c4-11f1-8cc9-eeee0a994573.OPERATION#flowable-async-job-executor-thread-108#
Step "Compute Next Modules To Deploy" finished#
#2026 08 15 16:14:41.453#Z#DEBUG#61dc8624-98c4-11f1-8cc9-eeee0a994573.OPERATION#flowable-async-job-executor-thread-109#
[BuildContentDeploymentConfigurationStep] Executing task "buildContentDeploymentConfigurationTask" of process "6bbc4af5-98c4-11f1-a1ea-eeee0a8ddf69"...#
#2026 08 15 16:14:41.459#Z#DEBUG#61dc8624-98c4-11f1-8cc9-eeee0a994573.OPERATION#flowable-async-job-executor-thread-109#
[BuildContentDeploymentConfigurationStep] Getting service key "flowmate-app-content-flowmate-html5-repo-host-credentials" for service instance "flowmate-html5-repo-host"...#
#2026 08 15 16:14:41.656#Z#INFO#61dc8624-98c4-11f1-8cc9-eeee0a994573.OPERATION#flowable-async-job-executor-thread-109#
[BuildContentDeploymentConfigurationStep] Service key "flowmate-app-content-flowmate-html5-repo-host-credentials" for service "flowmate-html5-repo-host" already exists#
#2026 08 15 16:14:41.663#Z#DEBUG#61dc8624-98c4-11f1-8cc9-eeee0a994573.OPERATION#flowable-async-job-executor-thread-109#
Step "Build Content Deployment Configuration" finished#
#2026 08 15 16:14:41.668#Z#DEBUG#61dc8624-98c4-11f1-8cc9-eeee0a994573.OPERATION#flowable-async-job-executor-thread-109#
[CreateContentDeployClientConfigurationStep] Executing task "createContentDeployClientConfigurationTask" of process "6be94e7b-98c4-11f1-a1ea-eeee0a8ddf69"...#
#2026 08 15 16:14:41.669#Z#DEBUG#61dc8624-98c4-11f1-8cc9-eeee0a994573.OPERATION#flowable-async-job-executor-thread-109#
[CreateContentDeployClientConfigurationStep] Content deployer client configuration: {
  "contentDeployerUrl" : "https://html5-apps-repo-dt.cfapps.ap11.hana.ondemand.com",
  "uaaClientConfiguration" : {
    "url" : "********",
    "credentials" : "********",
    "authenticationStrategyType" : "********"
  },
  "httpRequestHeaders" : {
    "X-CorrelationID" : "61dc8624-98c4-11f1-8cc9-eeee0a994573"
  },
  "spaceId" : "19e2d49e-f313-4069-98bd-9ace838bf9d4",
  "serviceName" : "flowmate-html5-repo-host"
}#
#2026 08 15 16:14:41.893#Z#DEBUG#61dc8624-98c4-11f1-8cc9-eeee0a994573.OPERATION#flowable-async-job-executor-thread-109#
Step "Create Content Deploy Client Configuration" finished#
#2026 08 15 16:14:41.895#Z#DEBUG#61dc8624-98c4-11f1-8cc9-eeee0a994573.OPERATION#flowable-async-job-executor-thread-109#
[GetContentFromDeploymentDescriptorStep] Executing task "getContentFromDeploymentDescriptorTask" of process "6be94e7b-98c4-11f1-a1ea-eeee0a8ddf69"...#
#2026 08 15 16:14:41.895#Z#DEBUG#61dc8624-98c4-11f1-8cc9-eeee0a994573.OPERATION#flowable-async-job-executor-thread-109#
Step "Get Content From Deployment Descriptor" finished#
#2026 08 15 16:14:42.713#Z#DEBUG#61dc8624-98c4-11f1-8cc9-eeee0a994573.OPERATION#flowable-async-job-executor-thread-141#
[BuildContentDeploymentConfigurationStep] Executing task "buildContentDeploymentConfigurationTask" of process "6c7cb52d-98c4-11f1-8cc9-eeee0a994573"...#
#2026 08 15 16:14:42.721#Z#DEBUG#61dc8624-98c4-11f1-8cc9-eeee0a994573.OPERATION#ForkJoinPool-2-worker-1#
[BuildContentDeploymentConfigurationStep] Getting service key "flowmate-html5-repo-host-key" for service instance "flowmate-html5-repo-host"...#
#2026 08 15 16:14:42.722#Z#DEBUG#61dc8624-98c4-11f1-8cc9-eeee0a994573.OPERATION#ForkJoinPool-2-worker-2#
[BuildContentDeploymentConfigurationStep] Getting service key "flowmate-common-auth-key" for service instance "flowmate-common-auth"...#
#2026 08 15 16:14:42.722#Z#DEBUG#61dc8624-98c4-11f1-8cc9-eeee0a994573.OPERATION#ForkJoinPool-2-worker-3#
[BuildContentDeploymentConfigurationStep] Getting service key "flowmate-destination-content-flowmate-destination-credentials" for service instance "flowmate-destination"...#
#2026 08 15 16:14:42.722#Z#DEBUG#61dc8624-98c4-11f1-8cc9-eeee0a994573.OPERATION#ForkJoinPool-2-worker-4#
[BuildContentDeploymentConfigurationStep] Getting service key "flowmate-auth-key" for service instance "flowmate-auth"...#
#2026 08 15 16:14:42.887#Z#INFO#61dc8624-98c4-11f1-8cc9-eeee0a994573.OPERATION#ForkJoinPool-2-worker-4#
[BuildContentDeploymentConfigurationStep] Service key "flowmate-auth-key" for service "flowmate-auth" already exists#
#2026 08 15 16:14:42.889#Z#INFO#61dc8624-98c4-11f1-8cc9-eeee0a994573.OPERATION#ForkJoinPool-2-worker-2#
[BuildContentDeploymentConfigurationStep] Service key "flowmate-common-auth-key" for service "flowmate-common-auth" already exists#
#2026 08 15 16:14:42.891#Z#INFO#61dc8624-98c4-11f1-8cc9-eeee0a994573.OPERATION#ForkJoinPool-2-worker-1#
[BuildContentDeploymentConfigurationStep] Service key "flowmate-html5-repo-host-key" for service "flowmate-html5-repo-host" already exists#
#2026 08 15 16:14:42.894#Z#INFO#61dc8624-98c4-11f1-8cc9-eeee0a994573.OPERATION#ForkJoinPool-2-worker-3#
[BuildContentDeploymentConfigurationStep] Service key "flowmate-destination-content-flowmate-destination-credentials" for service "flowmate-destination" already exists#
#2026 08 15 16:14:42.897#Z#DEBUG#61dc8624-98c4-11f1-8cc9-eeee0a994573.OPERATION#ForkJoinPool-2-worker-2#
[BuildContentDeploymentConfigurationStep] Updating service key "flowmate-common-auth-key" MTA metadata...#
#2026 08 15 16:14:42.897#Z#DEBUG#61dc8624-98c4-11f1-8cc9-eeee0a994573.OPERATION#ForkJoinPool-2-worker-2#
[BuildContentDeploymentConfigurationStep] Updating metadata of service credential binding "899255c7-57ef-4bc8-b7c7-ee0283bead38" to: {
  "annotations" : {
    "mta_id" : "flowmate",
    "mta_version" : "1.0.0"
  },
  "labels" : {
    "mta_id" : "084e1a9e1bfdfa7da01e493afb23fbc1",
    "space_guid" : "19e2d49e-f313-4069-98bd-9ace838bf9d4"
  }
}#
#2026 08 15 16:14:43.002#Z#DEBUG#61dc8624-98c4-11f1-8cc9-eeee0a994573.OPERATION#flowable-async-job-executor-thread-141#
[BuildContentDeploymentConfigurationStep] Getting service instance without auxiliary content "flowmate-common-auth"...#
#2026 08 15 16:14:43.034#Z#DEBUG#61dc8624-98c4-11f1-8cc9-eeee0a994573.OPERATION#flowable-async-job-executor-thread-141#
Step "Build Content Deployment Configuration" finished#
#2026 08 15 16:14:43.040#Z#DEBUG#61dc8624-98c4-11f1-8cc9-eeee0a994573.OPERATION#flowable-async-job-executor-thread-141#
[CreateContentDeployClientConfigurationStep] Executing task "createContentDeployClientConfigurationTask" of process "6cbaa8a3-98c4-11f1-8cc9-eeee0a994573"...#
#2026 08 15 16:14:43.041#Z#DEBUG#61dc8624-98c4-11f1-8cc9-eeee0a994573.OPERATION#flowable-async-job-executor-thread-141#
[CreateContentDeployClientConfigurationStep] Content deployer client configuration: {
  "contentDeployerUrl" : "https://destination-configuration.cfapps.ap11.hana.ondemand.com/destination-configuration/gacd",
  "uaaClientConfiguration" : {
    "url" : "********",
    "credentials" : "********",
    "authenticationStrategyType" : "********"
  },
  "httpRequestHeaders" : {
    "X-CorrelationID" : "61dc8624-98c4-11f1-8cc9-eeee0a994573"
  },
  "spaceId" : "19e2d49e-f313-4069-98bd-9ace838bf9d4",
  "serviceName" : "flowmate-destination"
}#
#2026 08 15 16:14:43.225#Z#DEBUG#61dc8624-98c4-11f1-8cc9-eeee0a994573.OPERATION#flowable-async-job-executor-thread-141#
Step "Create Content Deploy Client Configuration" finished#
#2026 08 15 16:14:43.227#Z#DEBUG#61dc8624-98c4-11f1-8cc9-eeee0a994573.OPERATION#flowable-async-job-executor-thread-141#
[GetContentFromDeploymentDescriptorStep] Executing task "getContentFromDeploymentDescriptorTask" of process "6cbaa8a3-98c4-11f1-8cc9-eeee0a994573"...#
#2026 08 15 16:14:43.228#Z#DEBUG#61dc8624-98c4-11f1-8cc9-eeee0a994573.OPERATION#flowable-async-job-executor-thread-141#
[GetContentFromDeploymentDescriptorStep] Content for module: "flowmate-destination-content" is: "{
  "id" : "6bcf01b3-2c8d-41dc-86ef-77cdb01fc674",
  "contentType" : "EMBEDDED",
  "content" : {
    "instance" : {
      "destinations" : [ {
        "Authentication" : "********",
        "HTML5.DynamicDestination" : true,
        "HTML5.Timeout" : 600000,
        "Name" : "srv-api",
        "TokenServiceInstanceName" : "********",
        "TokenServiceKeyName" : "********",
        "URL" : "https://dialog-axiata-plc-arize-qas-9339ozek-org-a-qas-org-b-te48c9fbef.cfapps.ap11.hana.ondemand.com"
      }, {
        "Name" : "flowmate-html5-repo-host",
        "ServiceInstanceName" : "flowmate-html5-repo-host",
        "ServiceKeyName" : "********",
        "sap.cloud.service" : "flowmate.service"
      }, {
        "Authentication" : "********",
        "Name" : "********",
        "ServiceInstanceName" : "********",
        "ServiceKeyName" : "********"
      }, {
        "Authentication" : "********",
        "Name" : "flowmate-common-api",
        "TokenServiceInstanceName" : "********",
        "TokenServiceKeyName" : "********",
        "URL" : "https://flowmate-common-srv-org-b-test.cfapps.ap11.hana.ondemand.com/odata/v4/flowmate-common"
      } ],
      "existing_destinations_policy" : "update"
    }
  }
}"#
#2026 08 15 16:14:43.228#Z#DEBUG#61dc8624-98c4-11f1-8cc9-eeee0a994573.OPERATION#flowable-async-job-executor-thread-141#
Step "Get Content From Deployment Descriptor" finished#
#2026 08 15 16:14:43.411#Z#DEBUG#61dc8624-98c4-11f1-8cc9-eeee0a994573.OPERATION#flowable-async-job-executor-thread-1246#
[ProcessDescriptorStep] Executing task "reprocessDescriptorTask" of process "6ceb7d39-98c4-11f1-9e4f-eeee0a92ed50"...#
#2026 08 15 16:14:43.412#Z#DEBUG#61dc8624-98c4-11f1-8cc9-eeee0a994573.OPERATION#flowable-async-job-executor-thread-1246#
[ProcessDescriptorStep] Resolving properties and parameters in merged descriptor...#
#2026 08 15 16:14:43.419#Z#DEBUG#61dc8624-98c4-11f1-8cc9-eeee0a994573.OPERATION#flowable-async-job-executor-thread-1246#
[ProcessDescriptorStep] Subscriptions: [ ]#
#2026 08 15 16:14:43.424#Z#DEBUG#61dc8624-98c4-11f1-8cc9-eeee0a994573.OPERATION#flowable-async-job-executor-thread-1246#
[ProcessDescriptorStep] MTA modules: [flowmate-app-content, flowmate-destination-content, flowmate-db-deployer, flowmate-srv, flowmate-approuter]#
#2026 08 15 16:14:43.426#Z#DEBUG#61dc8624-98c4-11f1-8cc9-eeee0a994573.OPERATION#flowable-async-job-executor-thread-1246#
[ProcessDescriptorStep] Resolved deployment descriptor: {
  "majorSchemaVersion" : 3,
  "schemaVersion" : "3.3.0",
  "id" : "flowmate",
  "version" : "1.0.0",
  "modules" : [ {
    "majorSchemaVersion" : 3,
    "name" : "flowmate-app-content",
    "type" : "com.sap.application.content",
    "path" : "flowmate-app-content",
    "properties" : { },
    "parameters" : {
      "default-url" : "https://dialog-axiata-plc-arize-qas-9339ozek-org-a-qas-org-b-te6a73593b.cfapps.ap11.hana.ondemand.com",
      "default-app-name" : "flowmate-app-content",
      "generated-password" : "********",
      "default-live-url" : "https://dialog-axiata-plc-arize-qas-9339ozek-org-a-qas-org-b-te6a73593b.cfapps.ap11.hana.ondemand.com",
      "default-uri" : "dialog-axiata-plc-arize-qas-9339ozek-org-a-qas-org-b-te6a73593b.cfapps.ap11.hana.ondemand.com",
      "default-instances" : 1,
      "default-live-host" : "dialog-axiata-plc-arize-qas-9339ozek-org-a-qas-org-b-te6a73593b",
      "instances" : 1,
      "default-host" : "dialog-axiata-plc-arize-qas-9339ozek-org-a-qas-org-b-te6a73593b",
      "app-name" : "flowmate-app-content",
      "default-live-uri" : "dialog-axiata-plc-arize-qas-9339ozek-org-a-qas-org-b-te6a73593b.cfapps.ap11.hana.ondemand.com",
      "protocol" : "https",
      "default-live-app-name" : "flowmate-app-content",
      "default-live-domain" : "cfapps.ap11.hana.ondemand.com",
      "domain" : "cfapps.ap11.hana.ondemand.com",
      "host" : "dialog-axiata-plc-arize-qas-9339ozek-org-a-qas-org-b-te6a73593b",
      "generated-user" : "********"
    },
    "requiredDependencies" : [ {
      "majorSchemaVersion" : 3,
      "name" : "flowmate-html5-repo-host",
      "properties" : { },
      "parameters" : {
        "content-target" : true
      },
      "propertiesMetadata" : {
        "metadata" : { }
      },
      "parametersMetadata" : {
        "metadata" : { }
      }
    } ],
    "providedDependencies" : [ {
      "majorSchemaVersion" : 3,
      "name" : "flowmate-app-content",
      "isPublic" : false,
      "properties" : { },
      "parameters" : { },
      "propertiesMetadata" : {
        "metadata" : { }
      },
      "parametersMetadata" : {
        "metadata" : { }
      }
    } ],
    "propertiesMetadata" : {
      "metadata" : { }
    },
    "parametersMetadata" : {
      "metadata" : { }
    },
    "hooks" : [ ]
  }, {
    "majorSchemaVersion" : 3,
    "name" : "flowmate-approuter",
    "type" : "javascript.nodejs",
    "path" : "flowmate-approuter",
    "properties" : {
      "INCOMING_CONNECTION_TIMEOUT" : 600000
    },
    "parameters" : {
      "default-url" : "https://dialog-axiata-plc-arize-qas-9339ozek-org-a-qas-org-b-te3bf718a2.cfapps.ap11.hana.ondemand.com",
      "default-app-name" : "flowmate-approuter",
      "generated-password" : "********",
      "default-live-url" : "https://dialog-axiata-plc-arize-qas-9339ozek-org-a-qas-org-b-te3bf718a2.cfapps.ap11.hana.ondemand.com",
      "default-uri" : "dialog-axiata-plc-arize-qas-9339ozek-org-a-qas-org-b-te3bf718a2.cfapps.ap11.hana.ondemand.com",
      "memory" : "256M",
      "default-instances" : 1,
      "default-live-host" : "dialog-axiata-plc-arize-qas-9339ozek-org-a-qas-org-b-te3bf718a2",
      "instances" : 1,
      "buildpack" : "nodejs_buildpack",
      "default-host" : "dialog-axiata-plc-arize-qas-9339ozek-org-a-qas-org-b-te3bf718a2",
      "app-name" : "flowmate-approuter",
      "default-live-uri" : "dialog-axiata-plc-arize-qas-9339ozek-org-a-qas-org-b-te3bf718a2.cfapps.ap11.hana.ondemand.com",
      "protocol" : "https",
      "default-live-app-name" : "flowmate-approuter",
      "default-live-domain" : "cfapps.ap11.hana.ondemand.com",
      "disk-quota" : "512M",
      "domain" : "cfapps.ap11.hana.ondemand.com",
      "host" : "dialog-axiata-plc-arize-qas-9339ozek-org-a-qas-org-b-te3bf718a2",
      "generated-user" : "********"
    },
    "requiredDependencies" : [ {
      "majorSchemaVersion" : 3,
      "name" : "********",
      "properties" : { },
      "parameters" : { },
      "propertiesMetadata" : {
        "metadata" : { }
      },
      "parametersMetadata" : {
        "metadata" : { }
      }
    }, {
      "majorSchemaVersion" : 3,
      "name" : "flowmate-html5-runtime",
      "properties" : { },
      "parameters" : { },
      "propertiesMetadata" : {
        "metadata" : { }
      },
      "parametersMetadata" : {
        "metadata" : { }
      }
    }, {
      "majorSchemaVersion" : 3,
      "name" : "flowmate-destination",
      "properties" : { },
      "parameters" : { },
      "propertiesMetadata" : {
        "metadata" : { }
      },
      "parametersMetadata" : {
        "metadata" : { }
      }
    }, {
      "majorSchemaVersion" : 3,
      "name" : "srv-api",
      "group" : "destinations",
      "properties" : {
        "name" : "srv-api",
        "forwardAuthToken" : "********",
        "timeout" : 600000,
        "url" : "https://dialog-axiata-plc-arize-qas-9339ozek-org-a-qas-org-b-te48c9fbef.cfapps.ap11.hana.ondemand.com"
      },
      "parameters" : { },
      "propertiesMetadata" : {
        "metadata" : { }
      },
      "parametersMetadata" : {
        "metadata" : { }
      }
    } ],
    "providedDependencies" : [ {
      "majorSchemaVersion" : 3,
      "name" : "flowmate-approuter",
      "isPublic" : false,
      "properties" : { },
      "parameters" : { },
      "propertiesMetadata" : {
        "metadata" : { }
      },
      "parametersMetadata" : {
        "metadata" : { }
      }
    } ],
    "propertiesMetadata" : {
      "metadata" : { }
    },
    "parametersMetadata" : {
      "metadata" : { }
    },
    "hooks" : [ ]
  }, {
    "majorSchemaVersion" : 3,
    "name" : "flowmate-srv",
    "type" : "javascript.nodejs",
    "path" : "flowmate-srv",
    "properties" : { },
    "parameters" : {
      "default-url" : "https://dialog-axiata-plc-arize-qas-9339ozek-org-a-qas-org-b-te48c9fbef.cfapps.ap11.hana.ondemand.com",
      "default-app-name" : "flowmate-srv",
      "generated-password" : "********",
      "default-live-url" : "https://dialog-axiata-plc-arize-qas-9339ozek-org-a-qas-org-b-te48c9fbef.cfapps.ap11.hana.ondemand.com",
      "default-uri" : "dialog-axiata-plc-arize-qas-9339ozek-org-a-qas-org-b-te48c9fbef.cfapps.ap11.hana.ondemand.com",
      "default-instances" : 1,
      "default-live-host" : "dialog-axiata-plc-arize-qas-9339ozek-org-a-qas-org-b-te48c9fbef",
      "instances" : 1,
      "buildpack" : "nodejs_buildpack",
      "default-host" : "dialog-axiata-plc-arize-qas-9339ozek-org-a-qas-org-b-te48c9fbef",
      "app-name" : "flowmate-srv",
      "default-live-uri" : "dialog-axiata-plc-arize-qas-9339ozek-org-a-qas-org-b-te48c9fbef.cfapps.ap11.hana.ondemand.com",
      "protocol" : "https",
      "default-live-app-name" : "flowmate-srv",
      "default-live-domain" : "cfapps.ap11.hana.ondemand.com",
      "domain" : "cfapps.ap11.hana.ondemand.com",
      "host" : "dialog-axiata-plc-arize-qas-9339ozek-org-a-qas-org-b-te48c9fbef",
      "generated-user" : "********"
    },
    "requiredDependencies" : [ {
      "majorSchemaVersion" : 3,
      "name" : "********",
      "properties" : { },
      "parameters" : { },
      "propertiesMetadata" : {
        "metadata" : { }
      },
      "parametersMetadata" : {
        "metadata" : { }
      }
    }, {
      "majorSchemaVersion" : 3,
      "name" : "flowmate-db",
      "properties" : { },
      "parameters" : { },
      "propertiesMetadata" : {
        "metadata" : { }
      },
      "parametersMetadata" : {
        "metadata" : { }
      }
    }, {
      "majorSchemaVersion" : 3,
      "name" : "flowmate-destination",
      "properties" : { },
      "parameters" : { },
      "propertiesMetadata" : {
        "metadata" : { }
      },
      "parametersMetadata" : {
        "metadata" : { }
      }
    } ],
    "providedDependencies" : [ {
      "majorSchemaVersion" : 3,
      "name" : "srv-api",
      "isPublic" : false,
      "properties" : {
        "srv-url" : "https://dialog-axiata-plc-arize-qas-9339ozek-org-a-qas-org-b-te48c9fbef.cfapps.ap11.hana.ondemand.com"
      },
      "parameters" : { },
      "propertiesMetadata" : {
        "metadata" : { }
      },
      "parametersMetadata" : {
        "metadata" : { }
      }
    }, {
      "majorSchemaVersion" : 3,
      "name" : "flowmate-srv",
      "isPublic" : false,
      "properties" : { },
      "parameters" : { },
      "propertiesMetadata" : {
        "metadata" : { }
      },
      "parametersMetadata" : {
        "metadata" : { }
      }
    } ],
    "propertiesMetadata" : {
      "metadata" : { }
    },
    "parametersMetadata" : {
      "metadata" : { }
    },
    "hooks" : [ ]
  }, {
    "majorSchemaVersion" : 3,
    "name" : "flowmate-db-deployer",
    "type" : "com.sap.xs.hdi",
    "path" : "flowmate-db-deployer",
    "properties" : {
      "EXIT" : 1
    },
    "parameters" : {
      "default-url" : "https://dialog-axiata-plc-arize-qas-9339ozek-org-a-qas-org-b-te18eeb5c5.cfapps.ap11.hana.ondemand.com",
      "default-app-name" : "flowmate-db-deployer",
      "generated-password" : "********",
      "default-live-url" : "https://dialog-axiata-plc-arize-qas-9339ozek-org-a-qas-org-b-te18eeb5c5.cfapps.ap11.hana.ondemand.com",
      "default-uri" : "dialog-axiata-plc-arize-qas-9339ozek-org-a-qas-org-b-te18eeb5c5.cfapps.ap11.hana.ondemand.com",
      "memory" : "256M",
      "default-instances" : 1,
      "no-route" : true,
      "default-live-host" : "dialog-axiata-plc-arize-qas-9339ozek-org-a-qas-org-b-te18eeb5c5",
      "instances" : 1,
      "buildpack" : "nodejs_buildpack",
      "default-host" : "dialog-axiata-plc-arize-qas-9339ozek-org-a-qas-org-b-te18eeb5c5",
      "app-name" : "flowmate-db-deployer",
      "default-live-uri" : "dialog-axiata-plc-arize-qas-9339ozek-org-a-qas-org-b-te18eeb5c5.cfapps.ap11.hana.ondemand.com",
      "protocol" : "https",
      "default-live-app-name" : "flowmate-db-deployer",
      "default-live-domain" : "cfapps.ap11.hana.ondemand.com",
      "dependency-type" : "hard",
      "domain" : "cfapps.ap11.hana.ondemand.com",
      "host" : "dialog-axiata-plc-arize-qas-9339ozek-org-a-qas-org-b-te18eeb5c5",
      "generated-user" : "********",
      "tasks" : [ {
        "command" : "npm start",
        "memory" : "256M",
        "name" : "deploy"
      } ],
      "no-start" : true
    },
    "requiredDependencies" : [ {
      "majorSchemaVersion" : 3,
      "name" : "flowmate-db",
      "properties" : { },
      "parameters" : { },
      "propertiesMetadata" : {
        "metadata" : { }
      },
      "parametersMetadata" : {
        "metadata" : { }
      }
    } ],
    "providedDependencies" : [ {
      "majorSchemaVersion" : 3,
      "name" : "flowmate-db-deployer",
      "isPublic" : false,
      "properties" : { },
      "parameters" : { },
      "propertiesMetadata" : {
        "metadata" : { }
      },
      "parametersMetadata" : {
        "metadata" : { }
      }
    } ],
    "propertiesMetadata" : {
      "metadata" : { }
    },
    "parametersMetadata" : {
      "metadata" : { }
    },
    "hooks" : [ ]
  }, {
    "majorSchemaVersion" : 3,
    "name" : "flowmate-destination-content",
    "type" : "com.sap.application.content",
    "properties" : { },
    "parameters" : {
      "default-url" : "https://dialog-axiata-plc-arize-qas-9339ozek-org-a-qas-org-b-te5f76444e.cfapps.ap11.hana.ondemand.com",
      "default-app-name" : "flowmate-destination-content",
      "generated-password" : "********",
      "default-live-url" : "https://dialog-axiata-plc-arize-qas-9339ozek-org-a-qas-org-b-te5f76444e.cfapps.ap11.hana.ondemand.com",
      "default-uri" : "dialog-axiata-plc-arize-qas-9339ozek-org-a-qas-org-b-te5f76444e.cfapps.ap11.hana.ondemand.com",
      "default-instances" : 1,
      "default-live-host" : "dialog-axiata-plc-arize-qas-9339ozek-org-a-qas-org-b-te5f76444e",
      "instances" : 1,
      "default-host" : "dialog-axiata-plc-arize-qas-9339ozek-org-a-qas-org-b-te5f76444e",
      "content" : {
        "instance" : {
          "destinations" : [ {
            "Authentication" : "********",
            "HTML5.DynamicDestination" : true,
            "HTML5.Timeout" : 600000,
            "Name" : "srv-api",
            "TokenServiceInstanceName" : "********",
            "TokenServiceKeyName" : "********",
            "URL" : "https://dialog-axiata-plc-arize-qas-9339ozek-org-a-qas-org-b-te48c9fbef.cfapps.ap11.hana.ondemand.com"
          }, {
            "Name" : "flowmate-html5-repo-host",
            "ServiceInstanceName" : "flowmate-html5-repo-host",
            "ServiceKeyName" : "********",
            "sap.cloud.service" : "flowmate.service"
          }, {
            "Authentication" : "********",
            "Name" : "********",
            "ServiceInstanceName" : "********",
            "ServiceKeyName" : "********"
          }, {
            "Authentication" : "********",
            "Name" : "flowmate-common-api",
            "TokenServiceInstanceName" : "********",
            "TokenServiceKeyName" : "********",
            "URL" : "https://flowmate-common-srv-org-b-test.cfapps.ap11.hana.ondemand.com/odata/v4/flowmate-common"
          } ],
          "existing_destinations_policy" : "update"
        }
      },
      "app-name" : "flowmate-destination-content",
      "default-live-uri" : "dialog-axiata-plc-arize-qas-9339ozek-org-a-qas-org-b-te5f76444e.cfapps.ap11.hana.ondemand.com",
      "protocol" : "https",
      "default-live-app-name" : "flowmate-destination-content",
      "default-live-domain" : "cfapps.ap11.hana.ondemand.com",
      "domain" : "cfapps.ap11.hana.ondemand.com",
      "host" : "dialog-axiata-plc-arize-qas-9339ozek-org-a-qas-org-b-te5f76444e",
      "generated-user" : "********"
    },
    "requiredDependencies" : [ {
      "majorSchemaVersion" : 3,
      "name" : "********",
      "properties" : { },
      "parameters" : {
        "service-key" : "********"
      },
      "propertiesMetadata" : {
        "metadata" : { }
      },
      "parametersMetadata" : {
        "metadata" : { }
      }
    }, {
      "majorSchemaVersion" : 3,
      "name" : "flowmate-html5-repo-host",
      "properties" : { },
      "parameters" : {
        "service-key" : "********"
      },
      "propertiesMetadata" : {
        "metadata" : { }
      },
      "parametersMetadata" : {
        "metadata" : { }
      }
    }, {
      "majorSchemaVersion" : 3,
      "name" : "srv-api",
      "properties" : { },
      "parameters" : { },
      "propertiesMetadata" : {
        "metadata" : { }
      },
      "parametersMetadata" : {
        "metadata" : { }
      }
    }, {
      "majorSchemaVersion" : 3,
      "name" : "********",
      "properties" : { },
      "parameters" : {
        "service-key" : "********"
      },
      "propertiesMetadata" : {
        "metadata" : { }
      },
      "parametersMetadata" : {
        "metadata" : { }
      }
    }, {
      "majorSchemaVersion" : 3,
      "name" : "flowmate-destination",
      "properties" : { },
      "parameters" : {
        "content-target" : true
      },
      "propertiesMetadata" : {
        "metadata" : { }
      },
      "parametersMetadata" : {
        "metadata" : { }
      }
    } ],
    "providedDependencies" : [ {
      "majorSchemaVersion" : 3,
      "name" : "flowmate-destination-content",
      "isPublic" : false,
      "properties" : { },
      "parameters" : { },
      "propertiesMetadata" : {
        "metadata" : { }
      },
      "parametersMetadata" : {
        "metadata" : { }
      }
    } ],
    "propertiesMetadata" : {
      "metadata" : { }
    },
    "parametersMetadata" : {
      "metadata" : { }
    },
    "hooks" : [ ]
  } ],
  "resources" : [ {
    "majorSchemaVersion" : 3,
    "name" : "flowmate-destination",
    "type" : "org.cloudfoundry.managed-service",
    "properties" : { },
    "parameters" : {
      "generated-password" : "********",
      "service-name" : "flowmate-destination",
      "service-plan" : "lite",
      "service" : "destination",
      "generated-user" : "********",
      "default-xsappname" : "flowmate-destination",
      "type" : "managed-service",
      "config" : {
        "HTML5Runtime_enabled" : true,
        "init_data" : {
          "instance" : {
            "destinations" : [ ],
            "existing_destinations_policy" : "update"
          }
        }
      },
      "default-service-name" : "flowmate-destination",
      "default-container-name" : "DIALOG_AXIATA_PLC_ARIZE_QAS_9339OZEK_ORG_A_QAS_ORG_B_TEST74E9F70"
    },
    "isActive" : true,
    "isOptional" : false,
    "propertiesMetadata" : {
      "metadata" : { }
    },
    "parametersMetadata" : {
      "metadata" : { }
    },
    "requiredDependencies" : [ ],
    "processedAfter" : [ ]
  }, {
    "majorSchemaVersion" : 3,
    "name" : "flowmate-html5-runtime",
    "type" : "org.cloudfoundry.managed-service",
    "properties" : { },
    "parameters" : {
      "generated-password" : "********",
      "service-name" : "flowmate-html5-runtime",
      "service-plan" : "app-runtime",
      "service" : "html5-apps-repo",
      "generated-user" : "********",
      "default-xsappname" : "flowmate-html5-runtime",
      "type" : "managed-service",
      "default-service-name" : "flowmate-html5-runtime",
      "default-container-name" : "DIALOG_AXIATA_PLC_ARIZE_QAS_9339OZEK_ORG_A_QAS_ORG_B_TES758B5685"
    },
    "isActive" : true,
    "isOptional" : false,
    "propertiesMetadata" : {
      "metadata" : { }
    },
    "parametersMetadata" : {
      "metadata" : { }
    },
    "requiredDependencies" : [ ],
    "processedAfter" : [ ]
  }, {
    "majorSchemaVersion" : 3,
    "name" : "flowmate-html5-repo-host",
    "type" : "org.cloudfoundry.managed-service",
    "properties" : { },
    "parameters" : {
      "generated-password" : "********",
      "service-name" : "flowmate-html5-repo-host",
      "service-plan" : "app-host",
      "service" : "html5-apps-repo",
      "generated-user" : "********",
      "default-xsappname" : "flowmate-html5-repo-host",
      "type" : "managed-service",
      "default-service-name" : "flowmate-html5-repo-host",
      "default-container-name" : "DIALOG_AXIATA_PLC_ARIZE_QAS_9339OZEK_ORG_A_QAS_ORG_B_TES247525E2"
    },
    "isActive" : true,
    "isOptional" : false,
    "propertiesMetadata" : {
      "metadata" : { }
    },
    "parametersMetadata" : {
      "metadata" : { }
    },
    "requiredDependencies" : [ ],
    "processedAfter" : [ ]
  }, {
    "majorSchemaVersion" : 3,
    "name" : "********",
    "type" : "org.cloudfoundry.managed-service",
    "properties" : { },
    "parameters" : {
      "generated-password" : "********",
      "path" : "./xs-security.json",
      "service-name" : "********",
      "service-plan" : "application",
      "service" : "xsuaa",
      "generated-user" : "********",
      "default-xsappname" : "********",
      "type" : "managed-service",
      "config" : {
        "tenant-mode" : "dedicated",
        "xsappname" : "flowmate-org-b/test"
      },
      "default-service-name" : "********",
      "default-container-name" : "DIALOG_AXIATA_PLC_ARIZE_QAS_9339OZEK_ORG_A_QAS_ORG_B_TES6EAB20BA"
    },
    "isActive" : true,
    "isOptional" : false,
    "propertiesMetadata" : {
      "metadata" : { }
    },
    "parametersMetadata" : {
      "metadata" : { }
    },
    "requiredDependencies" : [ ],
    "processedAfter" : [ ]
  }, {
    "majorSchemaVersion" : 3,
    "name" : "********",
    "type" : "org.cloudfoundry.managed-service",
    "properties" : { },
    "parameters" : {
      "generated-password" : "********",
      "path" : "./xs-security-api.json",
      "service-name" : "********",
      "service-plan" : "application",
      "service" : "xsuaa",
      "generated-user" : "********",
      "default-xsappname" : "********",
      "type" : "managed-service",
      "default-service-name" : "********",
      "default-container-name" : "DIALOG_AXIATA_PLC_ARIZE_QAS_9339OZEK_ORG_A_QAS_ORG_B_TEST839B895"
    },
    "isActive" : true,
    "isOptional" : false,
    "propertiesMetadata" : {
      "metadata" : { }
    },
    "parametersMetadata" : {
      "metadata" : { }
    },
    "requiredDependencies" : [ ],
    "processedAfter" : [ ]
  }, {
    "majorSchemaVersion" : 3,
    "name" : "flowmate-db",
    "type" : "com.sap.xs.hdi-container",
    "properties" : { },
    "parameters" : {
      "generated-password" : "********",
      "service-name" : "flowmate-db",
      "service-plan" : "hdi-shared",
      "service" : "hana",
      "generated-user" : "********",
      "default-xsappname" : "flowmate-db",
      "type" : "managed-service",
      "default-service-name" : "flowmate-db",
      "default-container-name" : "DIALOG_AXIATA_PLC_ARIZE_QAS_9339OZEK_ORG_A_QAS_ORG_B_TES63C7E19C"
    },
    "isActive" : true,
    "isOptional" : false,
    "propertiesMetadata" : {
      "metadata" : { }
    },
    "parametersMetadata" : {
      "metadata" : { }
    },
    "requiredDependencies" : [ ],
    "processedAfter" : [ ]
  }, {
    "majorSchemaVersion" : 3,
    "name" : "********",
    "type" : "org.cloudfoundry.existing-service",
    "properties" : { },
    "parameters" : {
      "generated-password" : "********",
      "service-name" : "********",
      "generated-user" : "********",
      "default-xsappname" : "********",
      "type" : "existing-service",
      "default-service-name" : "********",
      "default-container-name" : "DIALOG_AXIATA_PLC_ARIZE_QAS_9339OZEK_ORG_A_QAS_ORG_B_TES23140BE2"
    },
    "isActive" : true,
    "isOptional" : false,
    "propertiesMetadata" : {
      "metadata" : { }
    },
    "parametersMetadata" : {
      "metadata" : { }
    },
    "requiredDependencies" : [ ],
    "processedAfter" : [ ]
  } ],
  "parameters" : {
    "deploy_mode" : "html5-repo",
    "mta-id" : "flowmate",
    "authorization-url" : "********",
    "org-guid" : "2f6d9c67-9231-4b6a-b63a-11b4a129b005",
    "org" : "Dialog Axiata Plc_arize-qas-9339ozek-org-a-qas",
    "deploy-target" : "Dialog Axiata Plc_arize-qas-9339ozek-org-a-qas org-b/test",
    "enable-parallel-deployments" : true,
    "region-primary-domain" : "ap11.hana.ondemand.com",
    "space" : "org-b/test",
    "region-domain" : "ap11.hana.ondemand.com",
    "xs-api-url" : "https://api.cf.ap11.hana.ondemand.com",
    "deploy-url" : "deploy-service.cfapps.ap11.hana.ondemand.com",
    "xs-type" : "CF",
    "default-domain" : "cfapps.ap11.hana.ondemand.com",
    "mta-version" : "1.0.0",
    "xs-auth-url" : "********",
    "space-guid" : "19e2d49e-f313-4069-98bd-9ace838bf9d4",
    "user" : "********",
    "controller-url" : "https://api.cf.ap11.hana.ondemand.com",
    "timestamp" : "20260815161424"
  },
  "parametersMetadata" : {
    "metadata" : { }
  }
}#
#2026 08 15 16:14:43.427#Z#DEBUG#61dc8624-98c4-11f1-8cc9-eeee0a994573.OPERATION#flowable-async-job-executor-thread-1246#
[ProcessDescriptorStep] Merged descriptor properties and parameters resolved#
#2026 08 15 16:14:43.427#Z#DEBUG#61dc8624-98c4-11f1-8cc9-eeee0a994573.OPERATION#flowable-async-job-executor-thread-1246#
Step "Re-Process Descriptor Step" finished#
#2026 08 15 16:14:43.449#Z#DEBUG#61dc8624-98c4-11f1-8cc9-eeee0a994573.OPERATION#flowable-async-job-executor-thread-1246#
[BuildApplicationDeployModelStep] Executing task "buildApplicationDeployModelTask" of process "6ceb7d39-98c4-11f1-9e4f-eeee0a92ed50"...#
#2026 08 15 16:14:43.451#Z#DEBUG#61dc8624-98c4-11f1-8cc9-eeee0a994573.OPERATION#flowable-async-job-executor-thread-1246#
[BuildApplicationDeployModelStep] Building cloud deployment model for application "flowmate-db-deployer"...#
#2026 08 15 16:14:43.470#Z#DEBUG#61dc8624-98c4-11f1-8cc9-eeee0a994573.OPERATION#flowable-async-job-executor-thread-1246#
[BuildApplicationDeployModelStep] No health-check-type is specified. Setting default type: port#
#2026 08 15 16:14:43.472#Z#INFO#61dc8624-98c4-11f1-8cc9-eeee0a994573.OPERATION#flowable-async-job-executor-thread-1246#
[BuildApplicationDeployModelStep] Building configuration entries for org Dialog Axiata Plc_arize-qas-9339ozek-org-a-qas, space org-b/test, spaceId 19e2d49e-f313-4069-98bd-9ace838bf9d4 and namespace null!#
#2026 08 15 16:14:43.473#Z#DEBUG#61dc8624-98c4-11f1-8cc9-eeee0a994573.OPERATION#flowable-async-job-executor-thread-1246#
[BuildApplicationDeployModelStep] Configuration entries to publish: [ ]#
#2026 08 15 16:14:43.473#Z#DEBUG#61dc8624-98c4-11f1-8cc9-eeee0a994573.OPERATION#flowable-async-job-executor-thread-1246#
[BuildApplicationDeployModelStep] Cloud deployment model for application built#
#2026 08 15 16:14:43.473#Z#DEBUG#61dc8624-98c4-11f1-8cc9-eeee0a994573.OPERATION#flowable-async-job-executor-thread-1246#
Step "Build Application Deploy Model" finished#
#2026 08 15 16:14:43.230#Z#DEBUG#61dc8624-98c4-11f1-8cc9-eeee0a994573.OPERATION#flowable-async-job-executor-thread-141#
[SynchronousContentDeployStep] Executing task "synchronousContentDeployTask" of process "6cbaa8a3-98c4-11f1-8cc9-eeee0a994573"...#
#2026 08 15 16:14:43.231#Z#INFO#61dc8624-98c4-11f1-8cc9-eeee0a994573.OPERATION#flowable-async-job-executor-thread-141#
[SynchronousContentDeployStep] Deploying content module "flowmate-destination-content" in target service "flowmate-destination"...#
#2026 08 15 16:14:43.402#Z#DEBUG#61dc8624-98c4-11f1-8cc9-eeee0a994573.OPERATION#flowable-async-job-executor-thread-141#
[SynchronousContentDeployStep] Processing inline content upload for module: flowmate-destination-content#
#2026 08 15 16:14:43.870#Z#DEBUG#61dc8624-98c4-11f1-8cc9-eeee0a994573.OPERATION#flowable-async-job-executor-thread-141#
Step "Synchronous Deploy" finished#
#2026 08 15 16:14:43.499#Z#DEBUG#61dc8624-98c4-11f1-8cc9-eeee0a994573.OPERATION#flowable-async-job-executor-thread-1246#
[CreateOrUpdateAppStep] Executing task "createAppTask" of process "6ceb7d39-98c4-11f1-9e4f-eeee0a92ed50"...#
#2026 08 15 16:14:43.500#Z#DEBUG#61dc8624-98c4-11f1-8cc9-eeee0a994573.OPERATION#flowable-async-job-executor-thread-1246#
[CreateOrUpdateAppStep] Getting application "flowmate-db-deployer"...#
#2026 08 15 16:14:43.530#Z#INFO#61dc8624-98c4-11f1-8cc9-eeee0a994573.OPERATION#flowable-async-job-executor-thread-1246#
[CreateOrUpdateAppStep] Updating application "flowmate-db-deployer"...#
#2026 08 15 16:14:43.534#Z#DEBUG#61dc8624-98c4-11f1-8cc9-eeee0a994573.OPERATION#flowable-async-job-executor-thread-1246#
[CreateOrUpdateAppStep] Getting process for application "7a73a120-d7c2-430c-b2e2-8bbf048bb5ff"...#
#2026 08 15 16:14:43.559#Z#DEBUG#61dc8624-98c4-11f1-8cc9-eeee0a994573.OPERATION#flowable-async-job-executor-thread-1246#
[CreateOrUpdateAppStep] Getting routes for application "7a73a120-d7c2-430c-b2e2-8bbf048bb5ff"...#
#2026 08 15 16:14:43.587#Z#DEBUG#61dc8624-98c4-11f1-8cc9-eeee0a994573.OPERATION#flowable-async-job-executor-thread-1246#
[CreateOrUpdateAppStep] Getting features for application "7a73a120-d7c2-430c-b2e2-8bbf048bb5ff"#
#2026 08 15 16:14:43.605#Z#DEBUG#61dc8624-98c4-11f1-8cc9-eeee0a994573.OPERATION#flowable-async-job-executor-thread-1246#
[CreateOrUpdateAppStep] Updating staging of application "flowmate-db-deployer" to: {
  "buildpacks" : [ "nodejs_buildpack" ],
  "healthCheckType" : "port",
  "appFeatures" : { }
}#
#2026 08 15 16:14:43.803#Z#DEBUG#61dc8624-98c4-11f1-8cc9-eeee0a994573.OPERATION#flowable-async-job-executor-thread-1246#
[CreateOrUpdateAppStep] Application "flowmate-db-deployer" updated#
#2026 08 15 16:14:43.804#Z#DEBUG#61dc8624-98c4-11f1-8cc9-eeee0a994573.OPERATION#flowable-async-job-executor-thread-1246#
[CreateOrUpdateAppStep] Getting environment of application "7a73a120-d7c2-430c-b2e2-8bbf048bb5ff"...#
#2026 08 15 16:14:43.889#Z#DEBUG#61dc8624-98c4-11f1-8cc9-eeee0a994573.OPERATION#flowable-async-job-executor-thread-1246#
[CreateOrUpdateAppStep] Application "flowmate-db-deployer" updated#
#2026 08 15 16:14:43.889#Z#DEBUG#61dc8624-98c4-11f1-8cc9-eeee0a994573.OPERATION#flowable-async-job-executor-thread-1246#
Step "Create App" finished#
#2026 08 15 16:14:44.009#Z#DEBUG#61dc8624-98c4-11f1-8cc9-eeee0a994573.OPERATION#flowable-async-job-executor-thread-105#
[ProcessDescriptorStep] Executing task "reprocessDescriptorTask" of process "6d429d9a-98c4-11f1-a1ea-eeee0a8ddf69"...#
#2026 08 15 16:14:44.014#Z#DEBUG#61dc8624-98c4-11f1-8cc9-eeee0a994573.OPERATION#flowable-async-job-executor-thread-105#
[ProcessDescriptorStep] Resolving properties and parameters in merged descriptor...#
#2026 08 15 16:14:44.028#Z#DEBUG#61dc8624-98c4-11f1-8cc9-eeee0a994573.OPERATION#flowable-async-job-executor-thread-105#
[ProcessDescriptorStep] Subscriptions: [ ]#
#2026 08 15 16:14:44.048#Z#DEBUG#61dc8624-98c4-11f1-8cc9-eeee0a994573.OPERATION#flowable-async-job-executor-thread-105#
[ProcessDescriptorStep] MTA modules: [flowmate-app-content, flowmate-destination-content, flowmate-db-deployer, flowmate-srv, flowmate-approuter]#
#2026 08 15 16:14:44.058#Z#DEBUG#61dc8624-98c4-11f1-8cc9-eeee0a994573.OPERATION#flowable-async-job-executor-thread-105#
[ProcessDescriptorStep] Resolved deployment descriptor: {
  "majorSchemaVersion" : 3,
  "schemaVersion" : "3.3.0",
  "id" : "flowmate",
  "version" : "1.0.0",
  "modules" : [ {
    "majorSchemaVersion" : 3,
    "name" : "flowmate-app-content",
    "type" : "com.sap.application.content",
    "path" : "flowmate-app-content",
    "properties" : { },
    "parameters" : {
      "default-url" : "https://dialog-axiata-plc-arize-qas-9339ozek-org-a-qas-org-b-te6a73593b.cfapps.ap11.hana.ondemand.com",
      "default-app-name" : "flowmate-app-content",
      "generated-password" : "********",
      "default-live-url" : "https://dialog-axiata-plc-arize-qas-9339ozek-org-a-qas-org-b-te6a73593b.cfapps.ap11.hana.ondemand.com",
      "default-uri" : "dialog-axiata-plc-arize-qas-9339ozek-org-a-qas-org-b-te6a73593b.cfapps.ap11.hana.ondemand.com",
      "default-instances" : 1,
      "default-live-host" : "dialog-axiata-plc-arize-qas-9339ozek-org-a-qas-org-b-te6a73593b",
      "instances" : 1,
      "default-host" : "dialog-axiata-plc-arize-qas-9339ozek-org-a-qas-org-b-te6a73593b",
      "app-name" : "flowmate-app-content",
      "default-live-uri" : "dialog-axiata-plc-arize-qas-9339ozek-org-a-qas-org-b-te6a73593b.cfapps.ap11.hana.ondemand.com",
      "protocol" : "https",
      "default-live-app-name" : "flowmate-app-content",
      "default-live-domain" : "cfapps.ap11.hana.ondemand.com",
      "domain" : "cfapps.ap11.hana.ondemand.com",
      "host" : "dialog-axiata-plc-arize-qas-9339ozek-org-a-qas-org-b-te6a73593b",
      "generated-user" : "********"
    },
    "requiredDependencies" : [ {
      "majorSchemaVersion" : 3,
      "name" : "flowmate-html5-repo-host",
      "properties" : { },
      "parameters" : {
        "content-target" : true
      },
      "propertiesMetadata" : {
        "metadata" : { }
      },
      "parametersMetadata" : {
        "metadata" : { }
      }
    } ],
    "providedDependencies" : [ {
      "majorSchemaVersion" : 3,
      "name" : "flowmate-app-content",
      "isPublic" : false,
      "properties" : { },
      "parameters" : { },
      "propertiesMetadata" : {
        "metadata" : { }
      },
      "parametersMetadata" : {
        "metadata" : { }
      }
    } ],
    "propertiesMetadata" : {
      "metadata" : { }
    },
    "parametersMetadata" : {
      "metadata" : { }
    },
    "hooks" : [ ]
  }, {
    "majorSchemaVersion" : 3,
    "name" : "flowmate-approuter",
    "type" : "javascript.nodejs",
    "path" : "flowmate-approuter",
    "properties" : {
      "INCOMING_CONNECTION_TIMEOUT" : 600000
    },
    "parameters" : {
      "default-url" : "https://dialog-axiata-plc-arize-qas-9339ozek-org-a-qas-org-b-te3bf718a2.cfapps.ap11.hana.ondemand.com",
      "default-app-name" : "flowmate-approuter",
      "generated-password" : "********",
      "default-live-url" : "https://dialog-axiata-plc-arize-qas-9339ozek-org-a-qas-org-b-te3bf718a2.cfapps.ap11.hana.ondemand.com",
      "default-uri" : "dialog-axiata-plc-arize-qas-9339ozek-org-a-qas-org-b-te3bf718a2.cfapps.ap11.hana.ondemand.com",
      "memory" : "256M",
      "default-instances" : 1,
      "default-live-host" : "dialog-axiata-plc-arize-qas-9339ozek-org-a-qas-org-b-te3bf718a2",
      "instances" : 1,
      "buildpack" : "nodejs_buildpack",
      "default-host" : "dialog-axiata-plc-arize-qas-9339ozek-org-a-qas-org-b-te3bf718a2",
      "app-name" : "flowmate-approuter",
      "default-live-uri" : "dialog-axiata-plc-arize-qas-9339ozek-org-a-qas-org-b-te3bf718a2.cfapps.ap11.hana.ondemand.com",
      "protocol" : "https",
      "default-live-app-name" : "flowmate-approuter",
      "default-live-domain" : "cfapps.ap11.hana.ondemand.com",
      "disk-quota" : "512M",
      "domain" : "cfapps.ap11.hana.ondemand.com",
      "host" : "dialog-axiata-plc-arize-qas-9339ozek-org-a-qas-org-b-te3bf718a2",
      "generated-user" : "********"
    },
    "requiredDependencies" : [ {
      "majorSchemaVersion" : 3,
      "name" : "********",
      "properties" : { },
      "parameters" : { },
      "propertiesMetadata" : {
        "metadata" : { }
      },
      "parametersMetadata" : {
        "metadata" : { }
      }
    }, {
      "majorSchemaVersion" : 3,
      "name" : "flowmate-html5-runtime",
      "properties" : { },
      "parameters" : { },
      "propertiesMetadata" : {
        "metadata" : { }
      },
      "parametersMetadata" : {
        "metadata" : { }
      }
    }, {
      "majorSchemaVersion" : 3,
      "name" : "flowmate-destination",
      "properties" : { },
      "parameters" : { },
      "propertiesMetadata" : {
        "metadata" : { }
      },
      "parametersMetadata" : {
        "metadata" : { }
      }
    }, {
      "majorSchemaVersion" : 3,
      "name" : "srv-api",
      "group" : "destinations",
      "properties" : {
        "name" : "srv-api",
        "forwardAuthToken" : "********",
        "timeout" : 600000,
        "url" : "https://dialog-axiata-plc-arize-qas-9339ozek-org-a-qas-org-b-te48c9fbef.cfapps.ap11.hana.ondemand.com"
      },
      "parameters" : { },
      "propertiesMetadata" : {
        "metadata" : { }
      },
      "parametersMetadata" : {
        "metadata" : { }
      }
    } ],
    "providedDependencies" : [ {
      "majorSchemaVersion" : 3,
      "name" : "flowmate-approuter",
      "isPublic" : false,
      "properties" : { },
      "parameters" : { },
      "propertiesMetadata" : {
        "metadata" : { }
      },
      "parametersMetadata" : {
        "metadata" : { }
      }
    } ],
    "propertiesMetadata" : {
      "metadata" : { }
    },
    "parametersMetadata" : {
      "metadata" : { }
    },
    "hooks" : [ ]
  }, {
    "majorSchemaVersion" : 3,
    "name" : "flowmate-srv",
    "type" : "javascript.nodejs",
    "path" : "flowmate-srv",
    "properties" : { },
    "parameters" : {
      "default-url" : "https://dialog-axiata-plc-arize-qas-9339ozek-org-a-qas-org-b-te48c9fbef.cfapps.ap11.hana.ondemand.com",
      "default-app-name" : "flowmate-srv",
      "generated-password" : "********",
      "default-live-url" : "https://dialog-axiata-plc-arize-qas-9339ozek-org-a-qas-org-b-te48c9fbef.cfapps.ap11.hana.ondemand.com",
      "default-uri" : "dialog-axiata-plc-arize-qas-9339ozek-org-a-qas-org-b-te48c9fbef.cfapps.ap11.hana.ondemand.com",
      "default-instances" : 1,
      "default-live-host" : "dialog-axiata-plc-arize-qas-9339ozek-org-a-qas-org-b-te48c9fbef",
      "instances" : 1,
      "buildpack" : "nodejs_buildpack",
      "default-host" : "dialog-axiata-plc-arize-qas-9339ozek-org-a-qas-org-b-te48c9fbef",
      "app-name" : "flowmate-srv",
      "default-live-uri" : "dialog-axiata-plc-arize-qas-9339ozek-org-a-qas-org-b-te48c9fbef.cfapps.ap11.hana.ondemand.com",
      "protocol" : "https",
      "default-live-app-name" : "flowmate-srv",
      "default-live-domain" : "cfapps.ap11.hana.ondemand.com",
      "domain" : "cfapps.ap11.hana.ondemand.com",
      "host" : "dialog-axiata-plc-arize-qas-9339ozek-org-a-qas-org-b-te48c9fbef",
      "generated-user" : "********"
    },
    "requiredDependencies" : [ {
      "majorSchemaVersion" : 3,
      "name" : "********",
      "properties" : { },
      "parameters" : { },
      "propertiesMetadata" : {
        "metadata" : { }
      },
      "parametersMetadata" : {
        "metadata" : { }
      }
    }, {
      "majorSchemaVersion" : 3,
      "name" : "flowmate-db",
      "properties" : { },
      "parameters" : { },
      "propertiesMetadata" : {
        "metadata" : { }
      },
      "parametersMetadata" : {
        "metadata" : { }
      }
    }, {
      "majorSchemaVersion" : 3,
      "name" : "flowmate-destination",
      "properties" : { },
      "parameters" : { },
      "propertiesMetadata" : {
        "metadata" : { }
      },
      "parametersMetadata" : {
        "metadata" : { }
      }
    } ],
    "providedDependencies" : [ {
      "majorSchemaVersion" : 3,
      "name" : "srv-api",
      "isPublic" : false,
      "properties" : {
        "srv-url" : "https://dialog-axiata-plc-arize-qas-9339ozek-org-a-qas-org-b-te48c9fbef.cfapps.ap11.hana.ondemand.com"
      },
      "parameters" : { },
      "propertiesMetadata" : {
        "metadata" : { }
      },
      "parametersMetadata" : {
        "metadata" : { }
      }
    }, {
      "majorSchemaVersion" : 3,
      "name" : "flowmate-srv",
      "isPublic" : false,
      "properties" : { },
      "parameters" : { },
      "propertiesMetadata" : {
        "metadata" : { }
      },
      "parametersMetadata" : {
        "metadata" : { }
      }
    } ],
    "propertiesMetadata" : {
      "metadata" : { }
    },
    "parametersMetadata" : {
      "metadata" : { }
    },
    "hooks" : [ ]
  }, {
    "majorSchemaVersion" : 3,
    "name" : "flowmate-db-deployer",
    "type" : "com.sap.xs.hdi",
    "path" : "flowmate-db-deployer",
    "properties" : {
      "EXIT" : 1
    },
    "parameters" : {
      "default-url" : "https://dialog-axiata-plc-arize-qas-9339ozek-org-a-qas-org-b-te18eeb5c5.cfapps.ap11.hana.ondemand.com",
      "default-app-name" : "flowmate-db-deployer",
      "generated-password" : "********",
      "default-live-url" : "https://dialog-axiata-plc-arize-qas-9339ozek-org-a-qas-org-b-te18eeb5c5.cfapps.ap11.hana.ondemand.com",
      "default-uri" : "dialog-axiata-plc-arize-qas-9339ozek-org-a-qas-org-b-te18eeb5c5.cfapps.ap11.hana.ondemand.com",
      "memory" : "256M",
      "default-instances" : 1,
      "no-route" : true,
      "default-live-host" : "dialog-axiata-plc-arize-qas-9339ozek-org-a-qas-org-b-te18eeb5c5",
      "instances" : 1,
      "buildpack" : "nodejs_buildpack",
      "default-host" : "dialog-axiata-plc-arize-qas-9339ozek-org-a-qas-org-b-te18eeb5c5",
      "app-name" : "flowmate-db-deployer",
      "default-live-uri" : "dialog-axiata-plc-arize-qas-9339ozek-org-a-qas-org-b-te18eeb5c5.cfapps.ap11.hana.ondemand.com",
      "protocol" : "https",
      "default-live-app-name" : "flowmate-db-deployer",
      "default-live-domain" : "cfapps.ap11.hana.ondemand.com",
      "dependency-type" : "hard",
      "domain" : "cfapps.ap11.hana.ondemand.com",
      "host" : "dialog-axiata-plc-arize-qas-9339ozek-org-a-qas-org-b-te18eeb5c5",
      "generated-user" : "********",
      "tasks" : [ {
        "command" : "npm start",
        "memory" : "256M",
        "name" : "deploy"
      } ],
      "no-start" : true
    },
    "requiredDependencies" : [ {
      "majorSchemaVersion" : 3,
      "name" : "flowmate-db",
      "properties" : { },
      "parameters" : { },
      "propertiesMetadata" : {
        "metadata" : { }
      },
      "parametersMetadata" : {
        "metadata" : { }
      }
    } ],
    "providedDependencies" : [ {
      "majorSchemaVersion" : 3,
      "name" : "flowmate-db-deployer",
      "isPublic" : false,
      "properties" : { },
      "parameters" : { },
      "propertiesMetadata" : {
        "metadata" : { }
      },
      "parametersMetadata" : {
        "metadata" : { }
      }
    } ],
    "propertiesMetadata" : {
      "metadata" : { }
    },
    "parametersMetadata" : {
      "metadata" : { }
    },
    "hooks" : [ ]
  }, {
    "majorSchemaVersion" : 3,
    "name" : "flowmate-destination-content",
    "type" : "com.sap.application.content",
    "properties" : { },
    "parameters" : {
      "default-url" : "https://dialog-axiata-plc-arize-qas-9339ozek-org-a-qas-org-b-te5f76444e.cfapps.ap11.hana.ondemand.com",
      "default-app-name" : "flowmate-destination-content",
      "generated-password" : "********",
      "default-live-url" : "https://dialog-axiata-plc-arize-qas-9339ozek-org-a-qas-org-b-te5f76444e.cfapps.ap11.hana.ondemand.com",
      "default-uri" : "dialog-axiata-plc-arize-qas-9339ozek-org-a-qas-org-b-te5f76444e.cfapps.ap11.hana.ondemand.com",
      "default-instances" : 1,
      "default-live-host" : "dialog-axiata-plc-arize-qas-9339ozek-org-a-qas-org-b-te5f76444e",
      "instances" : 1,
      "default-host" : "dialog-axiata-plc-arize-qas-9339ozek-org-a-qas-org-b-te5f76444e",
      "content" : {
        "instance" : {
          "destinations" : [ {
            "Authentication" : "********",
            "HTML5.DynamicDestination" : true,
            "HTML5.Timeout" : 600000,
            "Name" : "srv-api",
            "TokenServiceInstanceName" : "********",
            "TokenServiceKeyName" : "********",
            "URL" : "https://dialog-axiata-plc-arize-qas-9339ozek-org-a-qas-org-b-te48c9fbef.cfapps.ap11.hana.ondemand.com"
          }, {
            "Name" : "flowmate-html5-repo-host",
            "ServiceInstanceName" : "flowmate-html5-repo-host",
            "ServiceKeyName" : "********",
            "sap.cloud.service" : "flowmate.service"
          }, {
            "Authentication" : "********",
            "Name" : "********",
            "ServiceInstanceName" : "********",
            "ServiceKeyName" : "********"
          }, {
            "Authentication" : "********",
            "Name" : "flowmate-common-api",
            "TokenServiceInstanceName" : "********",
            "TokenServiceKeyName" : "********",
            "URL" : "https://flowmate-common-srv-org-b-test.cfapps.ap11.hana.ondemand.com/odata/v4/flowmate-common"
          } ],
          "existing_destinations_policy" : "update"
        }
      },
      "app-name" : "flowmate-destination-content",
      "default-live-uri" : "dialog-axiata-plc-arize-qas-9339ozek-org-a-qas-org-b-te5f76444e.cfapps.ap11.hana.ondemand.com",
      "protocol" : "https",
      "default-live-app-name" : "flowmate-destination-content",
      "default-live-domain" : "cfapps.ap11.hana.ondemand.com",
      "domain" : "cfapps.ap11.hana.ondemand.com",
      "host" : "dialog-axiata-plc-arize-qas-9339ozek-org-a-qas-org-b-te5f76444e",
      "generated-user" : "********"
    },
    "requiredDependencies" : [ {
      "majorSchemaVersion" : 3,
      "name" : "********",
      "properties" : { },
      "parameters" : {
        "service-key" : "********"
      },
      "propertiesMetadata" : {
        "metadata" : { }
      },
      "parametersMetadata" : {
        "metadata" : { }
      }
    }, {
      "majorSchemaVersion" : 3,
      "name" : "flowmate-html5-repo-host",
      "properties" : { },
      "parameters" : {
        "service-key" : "********"
      },
      "propertiesMetadata" : {
        "metadata" : { }
      },
      "parametersMetadata" : {
        "metadata" : { }
      }
    }, {
      "majorSchemaVersion" : 3,
      "name" : "srv-api",
      "properties" : { },
      "parameters" : { },
      "propertiesMetadata" : {
        "metadata" : { }
      },
      "parametersMetadata" : {
        "metadata" : { }
      }
    }, {
      "majorSchemaVersion" : 3,
      "name" : "********",
      "properties" : { },
      "parameters" : {
        "service-key" : "********"
      },
      "propertiesMetadata" : {
        "metadata" : { }
      },
      "parametersMetadata" : {
        "metadata" : { }
      }
    }, {
      "majorSchemaVersion" : 3,
      "name" : "flowmate-destination",
      "properties" : { },
      "parameters" : {
        "content-target" : true
      },
      "propertiesMetadata" : {
        "metadata" : { }
      },
      "parametersMetadata" : {
        "metadata" : { }
      }
    } ],
    "providedDependencies" : [ {
      "majorSchemaVersion" : 3,
      "name" : "flowmate-destination-content",
      "isPublic" : false,
      "properties" : { },
      "parameters" : { },
      "propertiesMetadata" : {
        "metadata" : { }
      },
      "parametersMetadata" : {
        "metadata" : { }
      }
    } ],
    "propertiesMetadata" : {
      "metadata" : { }
    },
    "parametersMetadata" : {
      "metadata" : { }
    },
    "hooks" : [ ]
  } ],
  "resources" : [ {
    "majorSchemaVersion" : 3,
    "name" : "flowmate-destination",
    "type" : "org.cloudfoundry.managed-service",
    "properties" : { },
    "parameters" : {
      "generated-password" : "********",
      "service-name" : "flowmate-destination",
      "service-plan" : "lite",
      "service" : "destination",
      "generated-user" : "********",
      "default-xsappname" : "flowmate-destination",
      "type" : "managed-service",
      "config" : {
        "HTML5Runtime_enabled" : true,
        "init_data" : {
          "instance" : {
            "destinations" : [ ],
            "existing_destinations_policy" : "update"
          }
        }
      },
      "default-service-name" : "flowmate-destination",
      "default-container-name" : "DIALOG_AXIATA_PLC_ARIZE_QAS_9339OZEK_ORG_A_QAS_ORG_B_TEST74E9F70"
    },
    "isActive" : true,
    "isOptional" : false,
    "propertiesMetadata" : {
      "metadata" : { }
    },
    "parametersMetadata" : {
      "metadata" : { }
    },
    "requiredDependencies" : [ ],
    "processedAfter" : [ ]
  }, {
    "majorSchemaVersion" : 3,
    "name" : "flowmate-html5-runtime",
    "type" : "org.cloudfoundry.managed-service",
    "properties" : { },
    "parameters" : {
      "generated-password" : "********",
      "service-name" : "flowmate-html5-runtime",
      "service-plan" : "app-runtime",
      "service" : "html5-apps-repo",
      "generated-user" : "********",
      "default-xsappname" : "flowmate-html5-runtime",
      "type" : "managed-service",
      "default-service-name" : "flowmate-html5-runtime",
      "default-container-name" : "DIALOG_AXIATA_PLC_ARIZE_QAS_9339OZEK_ORG_A_QAS_ORG_B_TES758B5685"
    },
    "isActive" : true,
    "isOptional" : false,
    "propertiesMetadata" : {
      "metadata" : { }
    },
    "parametersMetadata" : {
      "metadata" : { }
    },
    "requiredDependencies" : [ ],
    "processedAfter" : [ ]
  }, {
    "majorSchemaVersion" : 3,
    "name" : "flowmate-html5-repo-host",
    "type" : "org.cloudfoundry.managed-service",
    "properties" : { },
    "parameters" : {
      "generated-password" : "********",
      "service-name" : "flowmate-html5-repo-host",
      "service-plan" : "app-host",
      "service" : "html5-apps-repo",
      "generated-user" : "********",
      "default-xsappname" : "flowmate-html5-repo-host",
      "type" : "managed-service",
      "default-service-name" : "flowmate-html5-repo-host",
      "default-container-name" : "DIALOG_AXIATA_PLC_ARIZE_QAS_9339OZEK_ORG_A_QAS_ORG_B_TES247525E2"
    },
    "isActive" : true,
    "isOptional" : false,
    "propertiesMetadata" : {
      "metadata" : { }
    },
    "parametersMetadata" : {
      "metadata" : { }
    },
    "requiredDependencies" : [ ],
    "processedAfter" : [ ]
  }, {
    "majorSchemaVersion" : 3,
    "name" : "********",
    "type" : "org.cloudfoundry.managed-service",
    "properties" : { },
    "parameters" : {
      "generated-password" : "********",
      "path" : "./xs-security.json",
      "service-name" : "********",
      "service-plan" : "application",
      "service" : "xsuaa",
      "generated-user" : "********",
      "default-xsappname" : "********",
      "type" : "managed-service",
      "config" : {
        "tenant-mode" : "dedicated",
        "xsappname" : "flowmate-org-b/test"
      },
      "default-service-name" : "********",
      "default-container-name" : "DIALOG_AXIATA_PLC_ARIZE_QAS_9339OZEK_ORG_A_QAS_ORG_B_TES6EAB20BA"
    },
    "isActive" : true,
    "isOptional" : false,
    "propertiesMetadata" : {
      "metadata" : { }
    },
    "parametersMetadata" : {
      "metadata" : { }
    },
    "requiredDependencies" : [ ],
    "processedAfter" : [ ]
  }, {
    "majorSchemaVersion" : 3,
    "name" : "********",
    "type" : "org.cloudfoundry.managed-service",
    "properties" : { },
    "parameters" : {
      "generated-password" : "********",
      "path" : "./xs-security-api.json",
      "service-name" : "********",
      "service-plan" : "application",
      "service" : "xsuaa",
      "generated-user" : "********",
      "default-xsappname" : "********",
      "type" : "managed-service",
      "default-service-name" : "********",
      "default-container-name" : "DIALOG_AXIATA_PLC_ARIZE_QAS_9339OZEK_ORG_A_QAS_ORG_B_TEST839B895"
    },
    "isActive" : true,
    "isOptional" : false,
    "propertiesMetadata" : {
      "metadata" : { }
    },
    "parametersMetadata" : {
      "metadata" : { }
    },
    "requiredDependencies" : [ ],
    "processedAfter" : [ ]
  }, {
    "majorSchemaVersion" : 3,
    "name" : "flowmate-db",
    "type" : "com.sap.xs.hdi-container",
    "properties" : { },
    "parameters" : {
      "generated-password" : "********",
      "service-name" : "flowmate-db",
      "service-plan" : "hdi-shared",
      "service" : "hana",
      "generated-user" : "********",
      "default-xsappname" : "flowmate-db",
      "type" : "managed-service",
      "default-service-name" : "flowmate-db",
      "default-container-name" : "DIALOG_AXIATA_PLC_ARIZE_QAS_9339OZEK_ORG_A_QAS_ORG_B_TES63C7E19C"
    },
    "isActive" : true,
    "isOptional" : false,
    "propertiesMetadata" : {
      "metadata" : { }
    },
    "parametersMetadata" : {
      "metadata" : { }
    },
    "requiredDependencies" : [ ],
    "processedAfter" : [ ]
  }, {
    "majorSchemaVersion" : 3,
    "name" : "********",
    "type" : "org.cloudfoundry.existing-service",
    "properties" : { },
    "parameters" : {
      "generated-password" : "********",
      "service-name" : "********",
      "generated-user" : "********",
      "default-xsappname" : "********",
      "type" : "existing-service",
      "default-service-name" : "********",
      "default-container-name" : "DIALOG_AXIATA_PLC_ARIZE_QAS_9339OZEK_ORG_A_QAS_ORG_B_TES23140BE2"
    },
    "isActive" : true,
    "isOptional" : false,
    "propertiesMetadata" : {
      "metadata" : { }
    },
    "parametersMetadata" : {
      "metadata" : { }
    },
    "requiredDependencies" : [ ],
    "processedAfter" : [ ]
  } ],
  "parameters" : {
    "deploy_mode" : "html5-repo",
    "mta-id" : "flowmate",
    "authorization-url" : "********",
    "org-guid" : "2f6d9c67-9231-4b6a-b63a-11b4a129b005",
    "org" : "Dialog Axiata Plc_arize-qas-9339ozek-org-a-qas",
    "deploy-target" : "Dialog Axiata Plc_arize-qas-9339ozek-org-a-qas org-b/test",
    "enable-parallel-deployments" : true,
    "region-primary-domain" : "ap11.hana.ondemand.com",
    "space" : "org-b/test",
    "region-domain" : "ap11.hana.ondemand.com",
    "xs-api-url" : "https://api.cf.ap11.hana.ondemand.com",
    "deploy-url" : "deploy-service.cfapps.ap11.hana.ondemand.com",
    "xs-type" : "CF",
    "default-domain" : "cfapps.ap11.hana.ondemand.com",
    "mta-version" : "1.0.0",
    "xs-auth-url" : "********",
    "space-guid" : "19e2d49e-f313-4069-98bd-9ace838bf9d4",
    "user" : "********",
    "controller-url" : "https://api.cf.ap11.hana.ondemand.com",
    "timestamp" : "20260815161424"
  },
  "parametersMetadata" : {
    "metadata" : { }
  }
}#
#2026 08 15 16:14:44.058#Z#DEBUG#61dc8624-98c4-11f1-8cc9-eeee0a994573.OPERATION#flowable-async-job-executor-thread-105#
[ProcessDescriptorStep] Merged descriptor properties and parameters resolved#
#2026 08 15 16:14:44.058#Z#DEBUG#61dc8624-98c4-11f1-8cc9-eeee0a994573.OPERATION#flowable-async-job-executor-thread-105#
Step "Re-Process Descriptor Step" finished#
#2026 08 15 16:14:43.989#Z#DEBUG#61dc8624-98c4-11f1-8cc9-eeee0a994573.OPERATION#flowable-async-job-executor-thread-1246#
[CheckServiceBindingOperationStep] Executing task "checkForServiceBindingOperationInProgress" of process "6d43fccc-98c4-11f1-9e4f-eeee0a92ed50"...#
#2026 08 15 16:14:43.990#Z#DEBUG#61dc8624-98c4-11f1-8cc9-eeee0a994573.OPERATION#flowable-async-job-executor-thread-1246#
[CheckServiceBindingOperationStep] Checking for service binding operation in progress between app "flowmate-db-deployer" and service instance "flowmate-db"#
#2026 08 15 16:14:43.990#Z#DEBUG#61dc8624-98c4-11f1-8cc9-eeee0a994573.OPERATION#flowable-async-job-executor-thread-1246#
[CheckServiceBindingOperationStep] Getting application guid "flowmate-db-deployer"...#
#2026 08 15 16:14:44.020#Z#DEBUG#61dc8624-98c4-11f1-8cc9-eeee0a994573.OPERATION#flowable-async-job-executor-thread-1246#
[CheckServiceBindingOperationStep] Getting GUID of required service instance "flowmate-db"...#
#2026 08 15 16:14:44.043#Z#DEBUG#61dc8624-98c4-11f1-8cc9-eeee0a994573.OPERATION#flowable-async-job-executor-thread-1246#
[CheckServiceBindingOperationStep] Getting binding of service instance "2ec03c65-02cd-47ca-86f2-9196c91ca3af" with application "7a73a120-d7c2-430c-b2e2-8bbf048bb5ff"...#
#2026 08 15 16:14:44.072#Z#DEBUG#61dc8624-98c4-11f1-8cc9-eeee0a994573.OPERATION#flowable-async-job-executor-thread-1246#
[CheckServiceBindingOperationStep] Service binding operation "bd083b40-c124-4413-a07e-541b6beec71e" with type "create" is in state "succeeded"#
#2026 08 15 16:14:44.072#Z#DEBUG#61dc8624-98c4-11f1-8cc9-eeee0a994573.OPERATION#flowable-async-job-executor-thread-1246#
Step "Check For Service Binding Operation In Progress" finished#
#2026 08 15 16:14:41.898#Z#DEBUG#61dc8624-98c4-11f1-8cc9-eeee0a994573.OPERATION#flowable-async-job-executor-thread-109#
[UploadContentStep] Executing task "uploadContentTask" of process "6be94e7b-98c4-11f1-a1ea-eeee0a8ddf69"...#
#2026 08 15 16:14:41.898#Z#INFO#61dc8624-98c4-11f1-8cc9-eeee0a994573.OPERATION#flowable-async-job-executor-thread-109#
[UploadContentStep] Uploading content module "flowmate-app-content" in target service "flowmate-html5-repo-host"...#
#2026 08 15 16:14:41.903#Z#DEBUG#61dc8624-98c4-11f1-8cc9-eeee0a994573.OPERATION#flowable-async-job-executor-thread-109#
[UploadContentStep] Uploading file "flowmate-app-content/resources/data.zip" for content module "flowmate-app-content" in service "flowmate-html5-repo-host"#
#2026 08 15 16:14:42.121#Z#INFO#61dc8624-98c4-11f1-8cc9-eeee0a994573.OPERATION#flowable-async-job-executor-thread-109#
[UploadContentStep] Content to deploy size: 301,733 in bytes#
#2026 08 15 16:14:44.084#Z#DEBUG#61dc8624-98c4-11f1-8cc9-eeee0a994573.OPERATION#flowable-async-job-executor-thread-109#
[UploadContentStep] Uploaded content: {
  "id" : "e4dc9323-3ef7-440f-b409-afd8256b5170",
  "name" : "content.zip",
  "contentType" : "FILE"
}#
#2026 08 15 16:14:44.085#Z#DEBUG#61dc8624-98c4-11f1-8cc9-eeee0a994573.OPERATION#flowable-async-job-executor-thread-109#
Step "Upload Content" finished#
#2026 08 15 16:14:44.137#Z#DEBUG#61dc8624-98c4-11f1-8cc9-eeee0a994573.OPERATION#flowable-async-job-executor-thread-105#
[BuildApplicationDeployModelStep] Executing task "buildApplicationDeployModelTask" of process "6d429d9a-98c4-11f1-a1ea-eeee0a8ddf69"...#
#2026 08 15 16:14:44.141#Z#DEBUG#61dc8624-98c4-11f1-8cc9-eeee0a994573.OPERATION#flowable-async-job-executor-thread-105#
[BuildApplicationDeployModelStep] Building cloud deployment model for application "flowmate-approuter"...#
#2026 08 15 16:14:44.151#Z#DEBUG#61dc8624-98c4-11f1-8cc9-eeee0a994573.OPERATION#flowable-async-job-executor-thread-105#
[BuildApplicationDeployModelStep] No health-check-type is specified. Setting default type: port#
#2026 08 15 16:14:44.153#Z#INFO#61dc8624-98c4-11f1-8cc9-eeee0a994573.OPERATION#flowable-async-job-executor-thread-105#
[BuildApplicationDeployModelStep] Building configuration entries for org Dialog Axiata Plc_arize-qas-9339ozek-org-a-qas, space org-b/test, spaceId 19e2d49e-f313-4069-98bd-9ace838bf9d4 and namespace null!#
#2026 08 15 16:14:44.154#Z#DEBUG#61dc8624-98c4-11f1-8cc9-eeee0a994573.OPERATION#flowable-async-job-executor-thread-105#
[BuildApplicationDeployModelStep] Configuration entries to publish: [ ]#
#2026 08 15 16:14:44.154#Z#DEBUG#61dc8624-98c4-11f1-8cc9-eeee0a994573.OPERATION#flowable-async-job-executor-thread-105#
[BuildApplicationDeployModelStep] Cloud deployment model for application built#
#2026 08 15 16:14:44.154#Z#DEBUG#61dc8624-98c4-11f1-8cc9-eeee0a994573.OPERATION#flowable-async-job-executor-thread-105#
Step "Build Application Deploy Model" finished#
#2026 08 15 16:14:44.088#Z#DEBUG#61dc8624-98c4-11f1-8cc9-eeee0a994573.OPERATION#flowable-async-job-executor-thread-109#
[StartContentDeployStep] Executing task "startContentDeployTask" of process "6be94e7b-98c4-11f1-a1ea-eeee0a8ddf69"...#
#2026 08 15 16:14:44.088#Z#INFO#61dc8624-98c4-11f1-8cc9-eeee0a994573.OPERATION#flowable-async-job-executor-thread-109#
[StartContentDeployStep] Deploying content module "flowmate-app-content" in target service "flowmate-html5-repo-host"...#
#2026 08 15 16:14:44.386#Z#DEBUG#61dc8624-98c4-11f1-8cc9-eeee0a994573.OPERATION#flowable-async-job-executor-thread-109#
Step "Start Content Deploy" finished#
#2026 08 15 16:14:44.128#Z#DEBUG#61dc8624-98c4-11f1-8cc9-eeee0a994573.OPERATION#flowable-async-job-executor-thread-1246#
[DetermineApplicationServiceBindingActionsStep] Executing task "determineApplicationServiceBindingActionsTask" of process "6d43fccc-98c4-11f1-9e4f-eeee0a92ed50"...#
#2026 08 15 16:14:44.129#Z#DEBUG#61dc8624-98c4-11f1-8cc9-eeee0a994573.OPERATION#flowable-async-job-executor-thread-1246#
[DetermineApplicationServiceBindingActionsStep] Determine bind/unbind operations of application "flowmate-db-deployer" to service instance "flowmate-db"#
#2026 08 15 16:14:44.129#Z#DEBUG#61dc8624-98c4-11f1-8cc9-eeee0a994573.OPERATION#flowable-async-job-executor-thread-1246#
[DetermineApplicationServiceBindingActionsStep] Getting application "flowmate-db-deployer"...#
#2026 08 15 16:14:44.159#Z#DEBUG#61dc8624-98c4-11f1-8cc9-eeee0a994573.OPERATION#flowable-async-job-executor-thread-1246#
[DetermineApplicationServiceBindingActionsStep] Binding parameters for application "flowmate-db-deployer": { }#
#2026 08 15 16:14:44.190#Z#DEBUG#61dc8624-98c4-11f1-8cc9-eeee0a994573.OPERATION#flowable-async-job-executor-thread-1246#
[DetermineApplicationServiceBindingActionsStep] Check should rebind application "flowmate-db-deployer" and service instance "flowmate-db"#
#2026 08 15 16:14:44.190#Z#DEBUG#61dc8624-98c4-11f1-8cc9-eeee0a994573.OPERATION#flowable-async-job-executor-thread-1246#
[DetermineApplicationServiceBindingActionsStep] Getting GUID of required service instance "flowmate-db"...#
#2026 08 15 16:14:44.215#Z#DEBUG#61dc8624-98c4-11f1-8cc9-eeee0a994573.OPERATION#flowable-async-job-executor-thread-1246#
[DetermineApplicationServiceBindingActionsStep] Getting binding of service instance "2ec03c65-02cd-47ca-86f2-9196c91ca3af" with application "7a73a120-d7c2-430c-b2e2-8bbf048bb5ff"...#
#2026 08 15 16:14:44.239#Z#DEBUG#61dc8624-98c4-11f1-8cc9-eeee0a994573.OPERATION#flowable-async-job-executor-thread-1246#
[DetermineApplicationServiceBindingActionsStep] Getting parameters of service binding "bd083b40-c124-4413-a07e-541b6beec71e"...#
#2026 08 15 16:14:44.426#Z#INFO#61dc8624-98c4-11f1-8cc9-eeee0a994573.OPERATION#flowable-async-job-executor-thread-1246#
[DetermineApplicationServiceBindingActionsStep] Service instance "flowmate-db" will not be rebound to application "flowmate-db-deployer" because the binding parameters are not modified#
#2026 08 15 16:14:44.429#Z#DEBUG#61dc8624-98c4-11f1-8cc9-eeee0a994573.OPERATION#flowable-async-job-executor-thread-1246#
[DetermineApplicationServiceBindingActionsStep] Calculated binding operations between application "flowmate-db-deployer" and service instance "flowmate-db": unbind - false bind - false#
#2026 08 15 16:14:44.429#Z#DEBUG#61dc8624-98c4-11f1-8cc9-eeee0a994573.OPERATION#flowable-async-job-executor-thread-1246#
Step "Determine Application Service Binding Actions" finished#
#2026 08 15 16:14:44.513#Z#DEBUG#61dc8624-98c4-11f1-8cc9-eeee0a994573.OPERATION#flowable-async-job-executor-thread-1246#
[DetermineVcapServicesPropertiesChangedStep] Executing task "determineVcapServicesPropertiesChangedTask" of process "6d963b96-98c4-11f1-9e4f-eeee0a92ed50"...#
#2026 08 15 16:14:44.514#Z#DEBUG#61dc8624-98c4-11f1-8cc9-eeee0a994573.OPERATION#flowable-async-job-executor-thread-1246#
[DetermineVcapServicesPropertiesChangedStep] VCAP_SERVICES properties for application "flowmate-db-deployer" changed: false#
#2026 08 15 16:14:44.514#Z#DEBUG#61dc8624-98c4-11f1-8cc9-eeee0a994573.OPERATION#flowable-async-job-executor-thread-1246#
Step "Determine vcap services properties changed" finished#
#2026 08 15 16:14:44.193#Z#DEBUG#61dc8624-98c4-11f1-8cc9-eeee0a994573.OPERATION#flowable-async-job-executor-thread-105#
[CreateOrUpdateAppStep] Executing task "createAppTask" of process "6d429d9a-98c4-11f1-a1ea-eeee0a8ddf69"...#
#2026 08 15 16:14:44.195#Z#DEBUG#61dc8624-98c4-11f1-8cc9-eeee0a994573.OPERATION#flowable-async-job-executor-thread-105#
[CreateOrUpdateAppStep] Getting application "flowmate-approuter"...#
#2026 08 15 16:14:44.228#Z#INFO#61dc8624-98c4-11f1-8cc9-eeee0a994573.OPERATION#flowable-async-job-executor-thread-105#
[CreateOrUpdateAppStep] Updating application "flowmate-approuter"...#
#2026 08 15 16:14:44.235#Z#DEBUG#61dc8624-98c4-11f1-8cc9-eeee0a994573.OPERATION#flowable-async-job-executor-thread-105#
[CreateOrUpdateAppStep] Getting process for application "d800c8e4-41c9-4630-8ddc-f8cf5f4e3f21"...#
#2026 08 15 16:14:44.274#Z#DEBUG#61dc8624-98c4-11f1-8cc9-eeee0a994573.OPERATION#flowable-async-job-executor-thread-105#
[CreateOrUpdateAppStep] Getting routes for application "d800c8e4-41c9-4630-8ddc-f8cf5f4e3f21"...#
#2026 08 15 16:14:44.310#Z#DEBUG#61dc8624-98c4-11f1-8cc9-eeee0a994573.OPERATION#flowable-async-job-executor-thread-105#
[CreateOrUpdateAppStep] Getting features for application "d800c8e4-41c9-4630-8ddc-f8cf5f4e3f21"#
#2026 08 15 16:14:44.335#Z#DEBUG#61dc8624-98c4-11f1-8cc9-eeee0a994573.OPERATION#flowable-async-job-executor-thread-105#
[CreateOrUpdateAppStep] Updating staging of application "flowmate-approuter" to: {
  "buildpacks" : [ "nodejs_buildpack" ],
  "healthCheckType" : "port",
  "appFeatures" : { }
}#
#2026 08 15 16:14:44.519#Z#DEBUG#61dc8624-98c4-11f1-8cc9-eeee0a994573.OPERATION#flowable-async-job-executor-thread-105#
[CreateOrUpdateAppStep] Application "flowmate-approuter" updated#
#2026 08 15 16:14:44.520#Z#DEBUG#61dc8624-98c4-11f1-8cc9-eeee0a994573.OPERATION#flowable-async-job-executor-thread-105#
[CreateOrUpdateAppStep] Getting environment of application "d800c8e4-41c9-4630-8ddc-f8cf5f4e3f21"...#
#2026 08 15 16:14:44.600#Z#DEBUG#61dc8624-98c4-11f1-8cc9-eeee0a994573.OPERATION#flowable-async-job-executor-thread-105#
[CreateOrUpdateAppStep] Application "flowmate-approuter" updated#
#2026 08 15 16:14:44.600#Z#DEBUG#61dc8624-98c4-11f1-8cc9-eeee0a994573.OPERATION#flowable-async-job-executor-thread-105#
Step "Create App" finished#
#2026 08 15 16:14:44.534#Z#DEBUG#61dc8624-98c4-11f1-8cc9-eeee0a994573.OPERATION#flowable-async-job-executor-thread-1246#
[UploadAppStep] Executing task "uploadAppTask" of process "6d963b96-98c4-11f1-9e4f-eeee0a92ed50"...#
#2026 08 15 16:14:44.535#Z#DEBUG#61dc8624-98c4-11f1-8cc9-eeee0a994573.OPERATION#flowable-async-job-executor-thread-1246#
[UploadAppStep] Application upload timeout is default one: 3,600 seconds#
#2026 08 15 16:14:44.535#Z#INFO#61dc8624-98c4-11f1-8cc9-eeee0a994573.OPERATION#flowable-async-job-executor-thread-1246#
[UploadAppStep] Uploading application "flowmate-db-deployer"...#
#2026 08 15 16:14:44.539#Z#DEBUG#61dc8624-98c4-11f1-8cc9-eeee0a994573.OPERATION#flowable-async-job-executor-thread-1246#
[UploadAppStep] Getting application "flowmate-db-deployer"...#
#2026 08 15 16:14:44.568#Z#DEBUG#61dc8624-98c4-11f1-8cc9-eeee0a994573.OPERATION#flowable-async-job-executor-thread-1246#
[UploadAppStep] Getting environment of application "7a73a120-d7c2-430c-b2e2-8bbf048bb5ff"...#
#2026 08 15 16:14:44.599#Z#INFO#61dc8624-98c4-11f1-8cc9-eeee0a994573.OPERATION#flowable-async-job-executor-thread-1246#
[UploadAppStep] Calculating application digest: "flowmate-db-deployer"#
#2026 08 15 16:14:44.639#Z#DEBUG#61dc8624-98c4-11f1-8cc9-eeee0a994573.OPERATION#flowable-async-job-executor-thread-1246#
Step "Upload App" finished#
#2026 08 15 16:14:44.692#Z#DEBUG#61dc8624-98c4-11f1-8cc9-eeee0a994573.OPERATION#flowable-async-job-executor-thread-107#
[CheckServiceBindingOperationStep] Executing task "checkForServiceBindingOperationInProgress" of process "6db13d54-98c4-11f1-a1ea-eeee0a8ddf69"...#
#2026 08 15 16:14:44.692#Z#DEBUG#61dc8624-98c4-11f1-8cc9-eeee0a994573.OPERATION#flowable-async-job-executor-thread-107#
[CheckServiceBindingOperationStep] Checking for service binding operation in progress between app "flowmate-approuter" and service instance "flowmate-html5-runtime"#
#2026 08 15 16:14:44.693#Z#DEBUG#61dc8624-98c4-11f1-8cc9-eeee0a994573.OPERATION#flowable-async-job-executor-thread-107#
[CheckServiceBindingOperationStep] Getting application guid "flowmate-approuter"...#
#2026 08 15 16:14:44.723#Z#DEBUG#61dc8624-98c4-11f1-8cc9-eeee0a994573.OPERATION#flowable-async-job-executor-thread-107#
[CheckServiceBindingOperationStep] Getting GUID of required service instance "flowmate-html5-runtime"...#
#2026 08 15 16:14:44.748#Z#DEBUG#61dc8624-98c4-11f1-8cc9-eeee0a994573.OPERATION#flowable-async-job-executor-thread-107#
[CheckServiceBindingOperationStep] Getting binding of service instance "a237bfc5-d57c-4205-aeeb-303e63bfe072" with application "d800c8e4-41c9-4630-8ddc-f8cf5f4e3f21"...#
#2026 08 15 16:14:44.782#Z#DEBUG#61dc8624-98c4-11f1-8cc9-eeee0a994573.OPERATION#flowable-async-job-executor-thread-107#
[CheckServiceBindingOperationStep] Service binding operation "db6c5910-d527-4948-b741-e3d3b9be328c" with type "create" is in state "succeeded"#
#2026 08 15 16:14:44.782#Z#DEBUG#61dc8624-98c4-11f1-8cc9-eeee0a994573.OPERATION#flowable-async-job-executor-thread-107#
Step "Check For Service Binding Operation In Progress" finished#
#2026 08 15 16:14:44.812#Z#DEBUG#61dc8624-98c4-11f1-8cc9-eeee0a994573.OPERATION#flowable-async-job-executor-thread-107#
[DetermineApplicationServiceBindingActionsStep] Executing task "determineApplicationServiceBindingActionsTask" of process "6db13d54-98c4-11f1-a1ea-eeee0a8ddf69"...#
#2026 08 15 16:14:44.814#Z#DEBUG#61dc8624-98c4-11f1-8cc9-eeee0a994573.OPERATION#flowable-async-job-executor-thread-107#
[DetermineApplicationServiceBindingActionsStep] Determine bind/unbind operations of application "flowmate-approuter" to service instance "flowmate-html5-runtime"#
#2026 08 15 16:14:44.814#Z#DEBUG#61dc8624-98c4-11f1-8cc9-eeee0a994573.OPERATION#flowable-async-job-executor-thread-107#
[DetermineApplicationServiceBindingActionsStep] Getting application "flowmate-approuter"...#
#2026 08 15 16:14:44.846#Z#DEBUG#61dc8624-98c4-11f1-8cc9-eeee0a994573.OPERATION#flowable-async-job-executor-thread-107#
[DetermineApplicationServiceBindingActionsStep] Binding parameters for application "flowmate-approuter": { }#
#2026 08 15 16:14:44.886#Z#DEBUG#61dc8624-98c4-11f1-8cc9-eeee0a994573.OPERATION#flowable-async-job-executor-thread-107#
[DetermineApplicationServiceBindingActionsStep] Check should rebind application "flowmate-approuter" and service instance "flowmate-html5-runtime"#
#2026 08 15 16:14:44.886#Z#DEBUG#61dc8624-98c4-11f1-8cc9-eeee0a994573.OPERATION#flowable-async-job-executor-thread-107#
[DetermineApplicationServiceBindingActionsStep] Getting GUID of required service instance "flowmate-html5-runtime"...#
#2026 08 15 16:14:44.928#Z#DEBUG#61dc8624-98c4-11f1-8cc9-eeee0a994573.OPERATION#flowable-async-job-executor-thread-107#
[DetermineApplicationServiceBindingActionsStep] Getting binding of service instance "a237bfc5-d57c-4205-aeeb-303e63bfe072" with application "d800c8e4-41c9-4630-8ddc-f8cf5f4e3f21"...#
#2026 08 15 16:14:44.964#Z#DEBUG#61dc8624-98c4-11f1-8cc9-eeee0a994573.OPERATION#flowable-async-job-executor-thread-107#
[DetermineApplicationServiceBindingActionsStep] Getting parameters of service binding "db6c5910-d527-4948-b741-e3d3b9be328c"...#
#2026 08 15 16:14:45.001#Z#WARN#61dc8624-98c4-11f1-8cc9-eeee0a994573.OPERATION#flowable-async-job-executor-thread-107#
[DetermineApplicationServiceBindingActionsStep] Cannot retrieve parameters of binding between application "flowmate-approuter" and service instance "flowmate-html5-runtime"#
#2026 08 15 16:14:45.007#Z#DEBUG#61dc8624-98c4-11f1-8cc9-eeee0a994573.OPERATION#flowable-async-job-executor-thread-107#
[DetermineApplicationServiceBindingActionsStep] Calculated binding operations between application "flowmate-approuter" and service instance "flowmate-html5-runtime": unbind - true bind - true#
#2026 08 15 16:14:45.008#Z#DEBUG#61dc8624-98c4-11f1-8cc9-eeee0a994573.OPERATION#flowable-async-job-executor-thread-107#
Step "Determine Application Service Binding Actions" finished#
#2026 08 15 16:14:45.067#Z#DEBUG#61dc8624-98c4-11f1-8cc9-eeee0a994573.OPERATION#flowable-async-job-executor-thread-112#
[UnbindServiceFromApplicationStep] Executing task "unbindServiceFromApplicationTask" of process "6db13d54-98c4-11f1-a1ea-eeee0a8ddf69"...#
#2026 08 15 16:14:45.072#Z#INFO#61dc8624-98c4-11f1-8cc9-eeee0a994573.OPERATION#flowable-async-job-executor-thread-112#
[UnbindServiceFromApplicationStep] Unbinding service instance "flowmate-html5-runtime" from application "flowmate-approuter"...#
#2026 08 15 16:14:45.078#Z#DEBUG#61dc8624-98c4-11f1-8cc9-eeee0a994573.OPERATION#flowable-async-job-executor-thread-112#
[UnbindServiceFromApplicationStep] Unbinding application "flowmate-approuter" from service instance "flowmate-html5-runtime"...#
#2026 08 15 16:14:45.226#Z#DEBUG#61dc8624-98c4-11f1-8cc9-eeee0a994573.OPERATION#flowable-async-job-executor-thread-112#
Step "Unbind Service from Application" finished#
#2026 08 15 16:14:45.691#Z#DEBUG#61dc8624-98c4-11f1-8cc9-eeee0a994573.OPERATION#flowable-async-job-executor-thread-140#
[CheckServiceBindingOperationStep] Executing task "checkForServiceBindingOperationInProgress" of process "6e473c49-98c4-11f1-8cc9-eeee0a994573"...#
#2026 08 15 16:14:45.691#Z#DEBUG#61dc8624-98c4-11f1-8cc9-eeee0a994573.OPERATION#flowable-async-job-executor-thread-140#
[CheckServiceBindingOperationStep] Checking for service binding operation in progress between app "flowmate-approuter" and service instance "flowmate-destination"#
#2026 08 15 16:14:45.693#Z#DEBUG#61dc8624-98c4-11f1-8cc9-eeee0a994573.OPERATION#flowable-async-job-executor-thread-140#
[CheckServiceBindingOperationStep] Getting application guid "flowmate-approuter"...#
#2026 08 15 16:14:45.726#Z#DEBUG#61dc8624-98c4-11f1-8cc9-eeee0a994573.OPERATION#flowable-async-job-executor-thread-140#
[CheckServiceBindingOperationStep] Getting GUID of required service instance "flowmate-destination"...#
#2026 08 15 16:14:45.758#Z#DEBUG#61dc8624-98c4-11f1-8cc9-eeee0a994573.OPERATION#flowable-async-job-executor-thread-140#
[CheckServiceBindingOperationStep] Getting binding of service instance "ea301e44-3292-414f-9511-3b89eca0303f" with application "d800c8e4-41c9-4630-8ddc-f8cf5f4e3f21"...#
#2026 08 15 16:14:45.790#Z#DEBUG#61dc8624-98c4-11f1-8cc9-eeee0a994573.OPERATION#flowable-async-job-executor-thread-140#
[CheckServiceBindingOperationStep] Service binding operation "40e62265-ed3a-439a-85ce-1a0a3f1c1887" with type "create" is in state "succeeded"#
#2026 08 15 16:14:45.790#Z#DEBUG#61dc8624-98c4-11f1-8cc9-eeee0a994573.OPERATION#flowable-async-job-executor-thread-140#
Step "Check For Service Binding Operation In Progress" finished#
#2026 08 15 16:14:45.829#Z#DEBUG#61dc8624-98c4-11f1-8cc9-eeee0a994573.OPERATION#flowable-async-job-executor-thread-137#
[DetermineApplicationServiceBindingActionsStep] Executing task "determineApplicationServiceBindingActionsTask" of process "6e473c49-98c4-11f1-8cc9-eeee0a994573"...#
#2026 08 15 16:14:45.831#Z#DEBUG#61dc8624-98c4-11f1-8cc9-eeee0a994573.OPERATION#flowable-async-job-executor-thread-137#
[DetermineApplicationServiceBindingActionsStep] Determine bind/unbind operations of application "flowmate-approuter" to service instance "flowmate-destination"#
#2026 08 15 16:14:45.831#Z#DEBUG#61dc8624-98c4-11f1-8cc9-eeee0a994573.OPERATION#flowable-async-job-executor-thread-137#
[DetermineApplicationServiceBindingActionsStep] Getting application "flowmate-approuter"...#
#2026 08 15 16:14:45.863#Z#DEBUG#61dc8624-98c4-11f1-8cc9-eeee0a994573.OPERATION#flowable-async-job-executor-thread-137#
[DetermineApplicationServiceBindingActionsStep] Binding parameters for application "flowmate-approuter": { }#
#2026 08 15 16:14:45.909#Z#DEBUG#61dc8624-98c4-11f1-8cc9-eeee0a994573.OPERATION#flowable-async-job-executor-thread-137#
[DetermineApplicationServiceBindingActionsStep] Check should rebind application "flowmate-approuter" and service instance "flowmate-destination"#
#2026 08 15 16:14:45.909#Z#DEBUG#61dc8624-98c4-11f1-8cc9-eeee0a994573.OPERATION#flowable-async-job-executor-thread-137#
[DetermineApplicationServiceBindingActionsStep] Getting GUID of required service instance "flowmate-destination"...#
#2026 08 15 16:14:45.938#Z#DEBUG#61dc8624-98c4-11f1-8cc9-eeee0a994573.OPERATION#flowable-async-job-executor-thread-137#
[DetermineApplicationServiceBindingActionsStep] Getting binding of service instance "ea301e44-3292-414f-9511-3b89eca0303f" with application "d800c8e4-41c9-4630-8ddc-f8cf5f4e3f21"...#
#2026 08 15 16:14:45.965#Z#DEBUG#61dc8624-98c4-11f1-8cc9-eeee0a994573.OPERATION#flowable-async-job-executor-thread-137#
[DetermineApplicationServiceBindingActionsStep] Getting parameters of service binding "40e62265-ed3a-439a-85ce-1a0a3f1c1887"...#
#2026 08 15 16:14:45.991#Z#WARN#61dc8624-98c4-11f1-8cc9-eeee0a994573.OPERATION#flowable-async-job-executor-thread-137#
[DetermineApplicationServiceBindingActionsStep] Cannot retrieve parameters of binding between application "flowmate-approuter" and service instance "flowmate-destination"#
#2026 08 15 16:14:45.993#Z#DEBUG#61dc8624-98c4-11f1-8cc9-eeee0a994573.OPERATION#flowable-async-job-executor-thread-137#
[DetermineApplicationServiceBindingActionsStep] Calculated binding operations between application "flowmate-approuter" and service instance "flowmate-destination": unbind - true bind - true#
#2026 08 15 16:14:45.993#Z#DEBUG#61dc8624-98c4-11f1-8cc9-eeee0a994573.OPERATION#flowable-async-job-executor-thread-137#
Step "Determine Application Service Binding Actions" finished#
#2026 08 15 16:14:46.038#Z#DEBUG#61dc8624-98c4-11f1-8cc9-eeee0a994573.OPERATION#flowable-async-job-executor-thread-141#
[UnbindServiceFromApplicationStep] Executing task "unbindServiceFromApplicationTask" of process "6e473c49-98c4-11f1-8cc9-eeee0a994573"...#
#2026 08 15 16:14:46.043#Z#INFO#61dc8624-98c4-11f1-8cc9-eeee0a994573.OPERATION#flowable-async-job-executor-thread-141#
[UnbindServiceFromApplicationStep] Unbinding service instance "flowmate-destination" from application "flowmate-approuter"...#
#2026 08 15 16:14:46.049#Z#DEBUG#61dc8624-98c4-11f1-8cc9-eeee0a994573.OPERATION#flowable-async-job-executor-thread-141#
[UnbindServiceFromApplicationStep] Unbinding application "flowmate-approuter" from service instance "flowmate-destination"...#
#2026 08 15 16:14:46.205#Z#DEBUG#61dc8624-98c4-11f1-8cc9-eeee0a994573.OPERATION#flowable-async-job-executor-thread-141#
Step "Unbind Service from Application" finished#
#2026 08 15 16:14:46.443#Z#DEBUG#61dc8624-98c4-11f1-8cc9-eeee0a994573.OPERATION#flowable-async-job-executor-thread-1251#
[ProcessDescriptorStep] Executing task "reprocessDescriptorTask" of process "6eb7ff26-98c4-11f1-9e4f-eeee0a92ed50"...#
#2026 08 15 16:14:46.443#Z#DEBUG#61dc8624-98c4-11f1-8cc9-eeee0a994573.OPERATION#flowable-async-job-executor-thread-1251#
[ProcessDescriptorStep] Resolving properties and parameters in merged descriptor...#
#2026 08 15 16:14:46.450#Z#DEBUG#61dc8624-98c4-11f1-8cc9-eeee0a994573.OPERATION#flowable-async-job-executor-thread-1251#
[ProcessDescriptorStep] Subscriptions: [ ]#
#2026 08 15 16:14:46.453#Z#DEBUG#61dc8624-98c4-11f1-8cc9-eeee0a994573.OPERATION#flowable-async-job-executor-thread-1251#
[ProcessDescriptorStep] MTA modules: [flowmate-app-content, flowmate-destination-content, flowmate-db-deployer, flowmate-srv, flowmate-approuter]#
#2026 08 15 16:14:46.456#Z#DEBUG#61dc8624-98c4-11f1-8cc9-eeee0a994573.OPERATION#flowable-async-job-executor-thread-1251#
[ProcessDescriptorStep] Resolved deployment descriptor: {
  "majorSchemaVersion" : 3,
  "schemaVersion" : "3.3.0",
  "id" : "flowmate",
  "version" : "1.0.0",
  "modules" : [ {
    "majorSchemaVersion" : 3,
    "name" : "flowmate-app-content",
    "type" : "com.sap.application.content",
    "path" : "flowmate-app-content",
    "properties" : { },
    "parameters" : {
      "default-url" : "https://dialog-axiata-plc-arize-qas-9339ozek-org-a-qas-org-b-te6a73593b.cfapps.ap11.hana.ondemand.com",
      "default-app-name" : "flowmate-app-content",
      "generated-password" : "********",
      "default-live-url" : "https://dialog-axiata-plc-arize-qas-9339ozek-org-a-qas-org-b-te6a73593b.cfapps.ap11.hana.ondemand.com",
      "default-uri" : "dialog-axiata-plc-arize-qas-9339ozek-org-a-qas-org-b-te6a73593b.cfapps.ap11.hana.ondemand.com",
      "default-instances" : 1,
      "default-live-host" : "dialog-axiata-plc-arize-qas-9339ozek-org-a-qas-org-b-te6a73593b",
      "instances" : 1,
      "default-host" : "dialog-axiata-plc-arize-qas-9339ozek-org-a-qas-org-b-te6a73593b",
      "app-name" : "flowmate-app-content",
      "default-live-uri" : "dialog-axiata-plc-arize-qas-9339ozek-org-a-qas-org-b-te6a73593b.cfapps.ap11.hana.ondemand.com",
      "protocol" : "https",
      "default-live-app-name" : "flowmate-app-content",
      "default-live-domain" : "cfapps.ap11.hana.ondemand.com",
      "domain" : "cfapps.ap11.hana.ondemand.com",
      "host" : "dialog-axiata-plc-arize-qas-9339ozek-org-a-qas-org-b-te6a73593b",
      "generated-user" : "********"
    },
    "requiredDependencies" : [ {
      "majorSchemaVersion" : 3,
      "name" : "flowmate-html5-repo-host",
      "properties" : { },
      "parameters" : {
        "content-target" : true
      },
      "propertiesMetadata" : {
        "metadata" : { }
      },
      "parametersMetadata" : {
        "metadata" : { }
      }
    } ],
    "providedDependencies" : [ {
      "majorSchemaVersion" : 3,
      "name" : "flowmate-app-content",
      "isPublic" : false,
      "properties" : { },
      "parameters" : { },
      "propertiesMetadata" : {
        "metadata" : { }
      },
      "parametersMetadata" : {
        "metadata" : { }
      }
    } ],
    "propertiesMetadata" : {
      "metadata" : { }
    },
    "parametersMetadata" : {
      "metadata" : { }
    },
    "hooks" : [ ]
  }, {
    "majorSchemaVersion" : 3,
    "name" : "flowmate-approuter",
    "type" : "javascript.nodejs",
    "path" : "flowmate-approuter",
    "properties" : {
      "INCOMING_CONNECTION_TIMEOUT" : 600000
    },
    "parameters" : {
      "default-url" : "https://dialog-axiata-plc-arize-qas-9339ozek-org-a-qas-org-b-te3bf718a2.cfapps.ap11.hana.ondemand.com",
      "default-app-name" : "flowmate-approuter",
      "generated-password" : "********",
      "default-live-url" : "https://dialog-axiata-plc-arize-qas-9339ozek-org-a-qas-org-b-te3bf718a2.cfapps.ap11.hana.ondemand.com",
      "default-uri" : "dialog-axiata-plc-arize-qas-9339ozek-org-a-qas-org-b-te3bf718a2.cfapps.ap11.hana.ondemand.com",
      "memory" : "256M",
      "default-instances" : 1,
      "default-live-host" : "dialog-axiata-plc-arize-qas-9339ozek-org-a-qas-org-b-te3bf718a2",
      "instances" : 1,
      "buildpack" : "nodejs_buildpack",
      "default-host" : "dialog-axiata-plc-arize-qas-9339ozek-org-a-qas-org-b-te3bf718a2",
      "app-name" : "flowmate-approuter",
      "default-live-uri" : "dialog-axiata-plc-arize-qas-9339ozek-org-a-qas-org-b-te3bf718a2.cfapps.ap11.hana.ondemand.com",
      "protocol" : "https",
      "default-live-app-name" : "flowmate-approuter",
      "default-live-domain" : "cfapps.ap11.hana.ondemand.com",
      "disk-quota" : "512M",
      "domain" : "cfapps.ap11.hana.ondemand.com",
      "host" : "dialog-axiata-plc-arize-qas-9339ozek-org-a-qas-org-b-te3bf718a2",
      "generated-user" : "********"
    },
    "requiredDependencies" : [ {
      "majorSchemaVersion" : 3,
      "name" : "********",
      "properties" : { },
      "parameters" : { },
      "propertiesMetadata" : {
        "metadata" : { }
      },
      "parametersMetadata" : {
        "metadata" : { }
      }
    }, {
      "majorSchemaVersion" : 3,
      "name" : "flowmate-html5-runtime",
      "properties" : { },
      "parameters" : { },
      "propertiesMetadata" : {
        "metadata" : { }
      },
      "parametersMetadata" : {
        "metadata" : { }
      }
    }, {
      "majorSchemaVersion" : 3,
      "name" : "flowmate-destination",
      "properties" : { },
      "parameters" : { },
      "propertiesMetadata" : {
        "metadata" : { }
      },
      "parametersMetadata" : {
        "metadata" : { }
      }
    }, {
      "majorSchemaVersion" : 3,
      "name" : "srv-api",
      "group" : "destinations",
      "properties" : {
        "name" : "srv-api",
        "forwardAuthToken" : "********",
        "timeout" : 600000,
        "url" : "https://dialog-axiata-plc-arize-qas-9339ozek-org-a-qas-org-b-te48c9fbef.cfapps.ap11.hana.ondemand.com"
      },
      "parameters" : { },
      "propertiesMetadata" : {
        "metadata" : { }
      },
      "parametersMetadata" : {
        "metadata" : { }
      }
    } ],
    "providedDependencies" : [ {
      "majorSchemaVersion" : 3,
      "name" : "flowmate-approuter",
      "isPublic" : false,
      "properties" : { },
      "parameters" : { },
      "propertiesMetadata" : {
        "metadata" : { }
      },
      "parametersMetadata" : {
        "metadata" : { }
      }
    } ],
    "propertiesMetadata" : {
      "metadata" : { }
    },
    "parametersMetadata" : {
      "metadata" : { }
    },
    "hooks" : [ ]
  }, {
    "majorSchemaVersion" : 3,
    "name" : "flowmate-srv",
    "type" : "javascript.nodejs",
    "path" : "flowmate-srv",
    "properties" : { },
    "parameters" : {
      "default-url" : "https://dialog-axiata-plc-arize-qas-9339ozek-org-a-qas-org-b-te48c9fbef.cfapps.ap11.hana.ondemand.com",
      "default-app-name" : "flowmate-srv",
      "generated-password" : "********",
      "default-live-url" : "https://dialog-axiata-plc-arize-qas-9339ozek-org-a-qas-org-b-te48c9fbef.cfapps.ap11.hana.ondemand.com",
      "default-uri" : "dialog-axiata-plc-arize-qas-9339ozek-org-a-qas-org-b-te48c9fbef.cfapps.ap11.hana.ondemand.com",
      "default-instances" : 1,
      "default-live-host" : "dialog-axiata-plc-arize-qas-9339ozek-org-a-qas-org-b-te48c9fbef",
      "instances" : 1,
      "buildpack" : "nodejs_buildpack",
      "default-host" : "dialog-axiata-plc-arize-qas-9339ozek-org-a-qas-org-b-te48c9fbef",
      "app-name" : "flowmate-srv",
      "default-live-uri" : "dialog-axiata-plc-arize-qas-9339ozek-org-a-qas-org-b-te48c9fbef.cfapps.ap11.hana.ondemand.com",
      "protocol" : "https",
      "default-live-app-name" : "flowmate-srv",
      "default-live-domain" : "cfapps.ap11.hana.ondemand.com",
      "domain" : "cfapps.ap11.hana.ondemand.com",
      "host" : "dialog-axiata-plc-arize-qas-9339ozek-org-a-qas-org-b-te48c9fbef",
      "generated-user" : "********"
    },
    "requiredDependencies" : [ {
      "majorSchemaVersion" : 3,
      "name" : "********",
      "properties" : { },
      "parameters" : { },
      "propertiesMetadata" : {
        "metadata" : { }
      },
      "parametersMetadata" : {
        "metadata" : { }
      }
    }, {
      "majorSchemaVersion" : 3,
      "name" : "flowmate-db",
      "properties" : { },
      "parameters" : { },
      "propertiesMetadata" : {
        "metadata" : { }
      },
      "parametersMetadata" : {
        "metadata" : { }
      }
    }, {
      "majorSchemaVersion" : 3,
      "name" : "flowmate-destination",
      "properties" : { },
      "parameters" : { },
      "propertiesMetadata" : {
        "metadata" : { }
      },
      "parametersMetadata" : {
        "metadata" : { }
      }
    } ],
    "providedDependencies" : [ {
      "majorSchemaVersion" : 3,
      "name" : "srv-api",
      "isPublic" : false,
      "properties" : {
        "srv-url" : "https://dialog-axiata-plc-arize-qas-9339ozek-org-a-qas-org-b-te48c9fbef.cfapps.ap11.hana.ondemand.com"
      },
      "parameters" : { },
      "propertiesMetadata" : {
        "metadata" : { }
      },
      "parametersMetadata" : {
        "metadata" : { }
      }
    }, {
      "majorSchemaVersion" : 3,
      "name" : "flowmate-srv",
      "isPublic" : false,
      "properties" : { },
      "parameters" : { },
      "propertiesMetadata" : {
        "metadata" : { }
      },
      "parametersMetadata" : {
        "metadata" : { }
      }
    } ],
    "propertiesMetadata" : {
      "metadata" : { }
    },
    "parametersMetadata" : {
      "metadata" : { }
    },
    "hooks" : [ ]
  }, {
    "majorSchemaVersion" : 3,
    "name" : "flowmate-db-deployer",
    "type" : "com.sap.xs.hdi",
    "path" : "flowmate-db-deployer",
    "properties" : {
      "EXIT" : 1
    },
    "parameters" : {
      "default-url" : "https://dialog-axiata-plc-arize-qas-9339ozek-org-a-qas-org-b-te18eeb5c5.cfapps.ap11.hana.ondemand.com",
      "default-app-name" : "flowmate-db-deployer",
      "generated-password" : "********",
      "default-live-url" : "https://dialog-axiata-plc-arize-qas-9339ozek-org-a-qas-org-b-te18eeb5c5.cfapps.ap11.hana.ondemand.com",
      "default-uri" : "dialog-axiata-plc-arize-qas-9339ozek-org-a-qas-org-b-te18eeb5c5.cfapps.ap11.hana.ondemand.com",
      "memory" : "256M",
      "default-instances" : 1,
      "no-route" : true,
      "default-live-host" : "dialog-axiata-plc-arize-qas-9339ozek-org-a-qas-org-b-te18eeb5c5",
      "instances" : 1,
      "buildpack" : "nodejs_buildpack",
      "default-host" : "dialog-axiata-plc-arize-qas-9339ozek-org-a-qas-org-b-te18eeb5c5",
      "app-name" : "flowmate-db-deployer",
      "default-live-uri" : "dialog-axiata-plc-arize-qas-9339ozek-org-a-qas-org-b-te18eeb5c5.cfapps.ap11.hana.ondemand.com",
      "protocol" : "https",
      "default-live-app-name" : "flowmate-db-deployer",
      "default-live-domain" : "cfapps.ap11.hana.ondemand.com",
      "dependency-type" : "hard",
      "domain" : "cfapps.ap11.hana.ondemand.com",
      "host" : "dialog-axiata-plc-arize-qas-9339ozek-org-a-qas-org-b-te18eeb5c5",
      "generated-user" : "********",
      "tasks" : [ {
        "command" : "npm start",
        "memory" : "256M",
        "name" : "deploy"
      } ],
      "no-start" : true
    },
    "requiredDependencies" : [ {
      "majorSchemaVersion" : 3,
      "name" : "flowmate-db",
      "properties" : { },
      "parameters" : { },
      "propertiesMetadata" : {
        "metadata" : { }
      },
      "parametersMetadata" : {
        "metadata" : { }
      }
    } ],
    "providedDependencies" : [ {
      "majorSchemaVersion" : 3,
      "name" : "flowmate-db-deployer",
      "isPublic" : false,
      "properties" : { },
      "parameters" : { },
      "propertiesMetadata" : {
        "metadata" : { }
      },
      "parametersMetadata" : {
        "metadata" : { }
      }
    } ],
    "propertiesMetadata" : {
      "metadata" : { }
    },
    "parametersMetadata" : {
      "metadata" : { }
    },
    "hooks" : [ ]
  }, {
    "majorSchemaVersion" : 3,
    "name" : "flowmate-destination-content",
    "type" : "com.sap.application.content",
    "properties" : { },
    "parameters" : {
      "default-url" : "https://dialog-axiata-plc-arize-qas-9339ozek-org-a-qas-org-b-te5f76444e.cfapps.ap11.hana.ondemand.com",
      "default-app-name" : "flowmate-destination-content",
      "generated-password" : "********",
      "default-live-url" : "https://dialog-axiata-plc-arize-qas-9339ozek-org-a-qas-org-b-te5f76444e.cfapps.ap11.hana.ondemand.com",
      "default-uri" : "dialog-axiata-plc-arize-qas-9339ozek-org-a-qas-org-b-te5f76444e.cfapps.ap11.hana.ondemand.com",
      "default-instances" : 1,
      "default-live-host" : "dialog-axiata-plc-arize-qas-9339ozek-org-a-qas-org-b-te5f76444e",
      "instances" : 1,
      "default-host" : "dialog-axiata-plc-arize-qas-9339ozek-org-a-qas-org-b-te5f76444e",
      "content" : {
        "instance" : {
          "destinations" : [ {
            "Authentication" : "********",
            "HTML5.DynamicDestination" : true,
            "HTML5.Timeout" : 600000,
            "Name" : "srv-api",
            "TokenServiceInstanceName" : "********",
            "TokenServiceKeyName" : "********",
            "URL" : "https://dialog-axiata-plc-arize-qas-9339ozek-org-a-qas-org-b-te48c9fbef.cfapps.ap11.hana.ondemand.com"
          }, {
            "Name" : "flowmate-html5-repo-host",
            "ServiceInstanceName" : "flowmate-html5-repo-host",
            "ServiceKeyName" : "********",
            "sap.cloud.service" : "flowmate.service"
          }, {
            "Authentication" : "********",
            "Name" : "********",
            "ServiceInstanceName" : "********",
            "ServiceKeyName" : "********"
          }, {
            "Authentication" : "********",
            "Name" : "flowmate-common-api",
            "TokenServiceInstanceName" : "********",
            "TokenServiceKeyName" : "********",
            "URL" : "https://flowmate-common-srv-org-b-test.cfapps.ap11.hana.ondemand.com/odata/v4/flowmate-common"
          } ],
          "existing_destinations_policy" : "update"
        }
      },
      "app-name" : "flowmate-destination-content",
      "default-live-uri" : "dialog-axiata-plc-arize-qas-9339ozek-org-a-qas-org-b-te5f76444e.cfapps.ap11.hana.ondemand.com",
      "protocol" : "https",
      "default-live-app-name" : "flowmate-destination-content",
      "default-live-domain" : "cfapps.ap11.hana.ondemand.com",
      "domain" : "cfapps.ap11.hana.ondemand.com",
      "host" : "dialog-axiata-plc-arize-qas-9339ozek-org-a-qas-org-b-te5f76444e",
      "generated-user" : "********"
    },
    "requiredDependencies" : [ {
      "majorSchemaVersion" : 3,
      "name" : "********",
      "properties" : { },
      "parameters" : {
        "service-key" : "********"
      },
      "propertiesMetadata" : {
        "metadata" : { }
      },
      "parametersMetadata" : {
        "metadata" : { }
      }
    }, {
      "majorSchemaVersion" : 3,
      "name" : "flowmate-html5-repo-host",
      "properties" : { },
      "parameters" : {
        "service-key" : "********"
      },
      "propertiesMetadata" : {
        "metadata" : { }
      },
      "parametersMetadata" : {
        "metadata" : { }
      }
    }, {
      "majorSchemaVersion" : 3,
      "name" : "srv-api",
      "properties" : { },
      "parameters" : { },
      "propertiesMetadata" : {
        "metadata" : { }
      },
      "parametersMetadata" : {
        "metadata" : { }
      }
    }, {
      "majorSchemaVersion" : 3,
      "name" : "********",
      "properties" : { },
      "parameters" : {
        "service-key" : "********"
      },
      "propertiesMetadata" : {
        "metadata" : { }
      },
      "parametersMetadata" : {
        "metadata" : { }
      }
    }, {
      "majorSchemaVersion" : 3,
      "name" : "flowmate-destination",
      "properties" : { },
      "parameters" : {
        "content-target" : true
      },
      "propertiesMetadata" : {
        "metadata" : { }
      },
      "parametersMetadata" : {
        "metadata" : { }
      }
    } ],
    "providedDependencies" : [ {
      "majorSchemaVersion" : 3,
      "name" : "flowmate-destination-content",
      "isPublic" : false,
      "properties" : { },
      "parameters" : { },
      "propertiesMetadata" : {
        "metadata" : { }
      },
      "parametersMetadata" : {
        "metadata" : { }
      }
    } ],
    "propertiesMetadata" : {
      "metadata" : { }
    },
    "parametersMetadata" : {
      "metadata" : { }
    },
    "hooks" : [ ]
  } ],
  "resources" : [ {
    "majorSchemaVersion" : 3,
    "name" : "flowmate-destination",
    "type" : "org.cloudfoundry.managed-service",
    "properties" : { },
    "parameters" : {
      "generated-password" : "********",
      "service-name" : "flowmate-destination",
      "service-plan" : "lite",
      "service" : "destination",
      "generated-user" : "********",
      "default-xsappname" : "flowmate-destination",
      "type" : "managed-service",
      "config" : {
        "HTML5Runtime_enabled" : true,
        "init_data" : {
          "instance" : {
            "destinations" : [ ],
            "existing_destinations_policy" : "update"
          }
        }
      },
      "default-service-name" : "flowmate-destination",
      "default-container-name" : "DIALOG_AXIATA_PLC_ARIZE_QAS_9339OZEK_ORG_A_QAS_ORG_B_TEST74E9F70"
    },
    "isActive" : true,
    "isOptional" : false,
    "propertiesMetadata" : {
      "metadata" : { }
    },
    "parametersMetadata" : {
      "metadata" : { }
    },
    "requiredDependencies" : [ ],
    "processedAfter" : [ ]
  }, {
    "majorSchemaVersion" : 3,
    "name" : "flowmate-html5-runtime",
    "type" : "org.cloudfoundry.managed-service",
    "properties" : { },
    "parameters" : {
      "generated-password" : "********",
      "service-name" : "flowmate-html5-runtime",
      "service-plan" : "app-runtime",
      "service" : "html5-apps-repo",
      "generated-user" : "********",
      "default-xsappname" : "flowmate-html5-runtime",
      "type" : "managed-service",
      "default-service-name" : "flowmate-html5-runtime",
      "default-container-name" : "DIALOG_AXIATA_PLC_ARIZE_QAS_9339OZEK_ORG_A_QAS_ORG_B_TES758B5685"
    },
    "isActive" : true,
    "isOptional" : false,
    "propertiesMetadata" : {
      "metadata" : { }
    },
    "parametersMetadata" : {
      "metadata" : { }
    },
    "requiredDependencies" : [ ],
    "processedAfter" : [ ]
  }, {
    "majorSchemaVersion" : 3,
    "name" : "flowmate-html5-repo-host",
    "type" : "org.cloudfoundry.managed-service",
    "properties" : { },
    "parameters" : {
      "generated-password" : "********",
      "service-name" : "flowmate-html5-repo-host",
      "service-plan" : "app-host",
      "service" : "html5-apps-repo",
      "generated-user" : "********",
      "default-xsappname" : "flowmate-html5-repo-host",
      "type" : "managed-service",
      "default-service-name" : "flowmate-html5-repo-host",
      "default-container-name" : "DIALOG_AXIATA_PLC_ARIZE_QAS_9339OZEK_ORG_A_QAS_ORG_B_TES247525E2"
    },
    "isActive" : true,
    "isOptional" : false,
    "propertiesMetadata" : {
      "metadata" : { }
    },
    "parametersMetadata" : {
      "metadata" : { }
    },
    "requiredDependencies" : [ ],
    "processedAfter" : [ ]
  }, {
    "majorSchemaVersion" : 3,
    "name" : "********",
    "type" : "org.cloudfoundry.managed-service",
    "properties" : { },
    "parameters" : {
      "generated-password" : "********",
      "path" : "./xs-security.json",
      "service-name" : "********",
      "service-plan" : "application",
      "service" : "xsuaa",
      "generated-user" : "********",
      "default-xsappname" : "********",
      "type" : "managed-service",
      "config" : {
        "tenant-mode" : "dedicated",
        "xsappname" : "flowmate-org-b/test"
      },
      "default-service-name" : "********",
      "default-container-name" : "DIALOG_AXIATA_PLC_ARIZE_QAS_9339OZEK_ORG_A_QAS_ORG_B_TES6EAB20BA"
    },
    "isActive" : true,
    "isOptional" : false,
    "propertiesMetadata" : {
      "metadata" : { }
    },
    "parametersMetadata" : {
      "metadata" : { }
    },
    "requiredDependencies" : [ ],
    "processedAfter" : [ ]
  }, {
    "majorSchemaVersion" : 3,
    "name" : "********",
    "type" : "org.cloudfoundry.managed-service",
    "properties" : { },
    "parameters" : {
      "generated-password" : "********",
      "path" : "./xs-security-api.json",
      "service-name" : "********",
      "service-plan" : "application",
      "service" : "xsuaa",
      "generated-user" : "********",
      "default-xsappname" : "********",
      "type" : "managed-service",
      "default-service-name" : "********",
      "default-container-name" : "DIALOG_AXIATA_PLC_ARIZE_QAS_9339OZEK_ORG_A_QAS_ORG_B_TEST839B895"
    },
    "isActive" : true,
    "isOptional" : false,
    "propertiesMetadata" : {
      "metadata" : { }
    },
    "parametersMetadata" : {
      "metadata" : { }
    },
    "requiredDependencies" : [ ],
    "processedAfter" : [ ]
  }, {
    "majorSchemaVersion" : 3,
    "name" : "flowmate-db",
    "type" : "com.sap.xs.hdi-container",
    "properties" : { },
    "parameters" : {
      "generated-password" : "********",
      "service-name" : "flowmate-db",
      "service-plan" : "hdi-shared",
      "service" : "hana",
      "generated-user" : "********",
      "default-xsappname" : "flowmate-db",
      "type" : "managed-service",
      "default-service-name" : "flowmate-db",
      "default-container-name" : "DIALOG_AXIATA_PLC_ARIZE_QAS_9339OZEK_ORG_A_QAS_ORG_B_TES63C7E19C"
    },
    "isActive" : true,
    "isOptional" : false,
    "propertiesMetadata" : {
      "metadata" : { }
    },
    "parametersMetadata" : {
      "metadata" : { }
    },
    "requiredDependencies" : [ ],
    "processedAfter" : [ ]
  }, {
    "majorSchemaVersion" : 3,
    "name" : "********",
    "type" : "org.cloudfoundry.existing-service",
    "properties" : { },
    "parameters" : {
      "generated-password" : "********",
      "service-name" : "********",
      "generated-user" : "********",
      "default-xsappname" : "********",
      "type" : "existing-service",
      "default-service-name" : "********",
      "default-container-name" : "DIALOG_AXIATA_PLC_ARIZE_QAS_9339OZEK_ORG_A_QAS_ORG_B_TES23140BE2"
    },
    "isActive" : true,
    "isOptional" : false,
    "propertiesMetadata" : {
      "metadata" : { }
    },
    "parametersMetadata" : {
      "metadata" : { }
    },
    "requiredDependencies" : [ ],
    "processedAfter" : [ ]
  } ],
  "parameters" : {
    "deploy_mode" : "html5-repo",
    "mta-id" : "flowmate",
    "authorization-url" : "********",
    "org-guid" : "2f6d9c67-9231-4b6a-b63a-11b4a129b005",
    "org" : "Dialog Axiata Plc_arize-qas-9339ozek-org-a-qas",
    "deploy-target" : "Dialog Axiata Plc_arize-qas-9339ozek-org-a-qas org-b/test",
    "enable-parallel-deployments" : true,
    "region-primary-domain" : "ap11.hana.ondemand.com",
    "space" : "org-b/test",
    "region-domain" : "ap11.hana.ondemand.com",
    "xs-api-url" : "https://api.cf.ap11.hana.ondemand.com",
    "deploy-url" : "deploy-service.cfapps.ap11.hana.ondemand.com",
    "xs-type" : "CF",
    "default-domain" : "cfapps.ap11.hana.ondemand.com",
    "mta-version" : "1.0.0",
    "xs-auth-url" : "********",
    "space-guid" : "19e2d49e-f313-4069-98bd-9ace838bf9d4",
    "user" : "********",
    "controller-url" : "https://api.cf.ap11.hana.ondemand.com",
    "timestamp" : "20260815161424"
  },
  "parametersMetadata" : {
    "metadata" : { }
  }
}#
#2026 08 15 16:14:46.456#Z#DEBUG#61dc8624-98c4-11f1-8cc9-eeee0a994573.OPERATION#flowable-async-job-executor-thread-1251#
[ProcessDescriptorStep] Merged descriptor properties and parameters resolved#
#2026 08 15 16:14:46.456#Z#DEBUG#61dc8624-98c4-11f1-8cc9-eeee0a994573.OPERATION#flowable-async-job-executor-thread-1251#
Step "Re-Process Descriptor Step" finished#
#2026 08 15 16:14:46.476#Z#DEBUG#61dc8624-98c4-11f1-8cc9-eeee0a994573.OPERATION#flowable-async-job-executor-thread-1252#
[BuildApplicationDeployModelStep] Executing task "buildApplicationDeployModelTask" of process "6eb7ff26-98c4-11f1-9e4f-eeee0a92ed50"...#
#2026 08 15 16:14:46.478#Z#DEBUG#61dc8624-98c4-11f1-8cc9-eeee0a994573.OPERATION#flowable-async-job-executor-thread-1252#
[BuildApplicationDeployModelStep] Building cloud deployment model for application "flowmate-srv"...#
#2026 08 15 16:14:46.482#Z#DEBUG#61dc8624-98c4-11f1-8cc9-eeee0a994573.OPERATION#flowable-async-job-executor-thread-1252#
[BuildApplicationDeployModelStep] No health-check-type is specified. Setting default type: port#
#2026 08 15 16:14:46.483#Z#INFO#61dc8624-98c4-11f1-8cc9-eeee0a994573.OPERATION#flowable-async-job-executor-thread-1252#
[BuildApplicationDeployModelStep] Building configuration entries for org Dialog Axiata Plc_arize-qas-9339ozek-org-a-qas, space org-b/test, spaceId 19e2d49e-f313-4069-98bd-9ace838bf9d4 and namespace null!#
#2026 08 15 16:14:46.483#Z#DEBUG#61dc8624-98c4-11f1-8cc9-eeee0a994573.OPERATION#flowable-async-job-executor-thread-1252#
[BuildApplicationDeployModelStep] Configuration entries to publish: [ ]#
#2026 08 15 16:14:46.483#Z#DEBUG#61dc8624-98c4-11f1-8cc9-eeee0a994573.OPERATION#flowable-async-job-executor-thread-1252#
[BuildApplicationDeployModelStep] Cloud deployment model for application built#
#2026 08 15 16:14:46.483#Z#DEBUG#61dc8624-98c4-11f1-8cc9-eeee0a994573.OPERATION#flowable-async-job-executor-thread-1252#
Step "Build Application Deploy Model" finished#
#2026 08 15 16:14:46.392#Z#DEBUG#61dc8624-98c4-11f1-8cc9-eeee0a994573.OPERATION#flowable-async-job-executor-thread-1250#
[CheckServiceBindingOperationStep] Executing task "checkForServiceBindingOperationInProgress" of process "6eb5194e-98c4-11f1-9e4f-eeee0a92ed50"...#
#2026 08 15 16:14:46.392#Z#DEBUG#61dc8624-98c4-11f1-8cc9-eeee0a994573.OPERATION#flowable-async-job-executor-thread-1250#
[CheckServiceBindingOperationStep] Checking for service binding operation in progress between app "flowmate-approuter" and service instance "flowmate-auth"#
#2026 08 15 16:14:46.393#Z#DEBUG#61dc8624-98c4-11f1-8cc9-eeee0a994573.OPERATION#flowable-async-job-executor-thread-1250#
[CheckServiceBindingOperationStep] Getting application guid "flowmate-approuter"...#
#2026 08 15 16:14:46.423#Z#DEBUG#61dc8624-98c4-11f1-8cc9-eeee0a994573.OPERATION#flowable-async-job-executor-thread-1250#
[CheckServiceBindingOperationStep] Getting GUID of required service instance "flowmate-auth"...#
#2026 08 15 16:14:46.468#Z#DEBUG#61dc8624-98c4-11f1-8cc9-eeee0a994573.OPERATION#flowable-async-job-executor-thread-1250#
[CheckServiceBindingOperationStep] Getting binding of service instance "305a35ad-a103-4c2b-816f-f04cb826df48" with application "d800c8e4-41c9-4630-8ddc-f8cf5f4e3f21"...#
#2026 08 15 16:14:46.498#Z#DEBUG#61dc8624-98c4-11f1-8cc9-eeee0a994573.OPERATION#flowable-async-job-executor-thread-1250#
[CheckServiceBindingOperationStep] Service binding operation "9aeb2a93-a87a-4f25-ac00-124b024245f3" with type "create" is in state "succeeded"#
#2026 08 15 16:14:46.498#Z#DEBUG#61dc8624-98c4-11f1-8cc9-eeee0a994573.OPERATION#flowable-async-job-executor-thread-1250#
Step "Check For Service Binding Operation In Progress" finished#
#2026 08 15 16:14:46.521#Z#DEBUG#61dc8624-98c4-11f1-8cc9-eeee0a994573.OPERATION#flowable-async-job-executor-thread-1250#
[DetermineApplicationServiceBindingActionsStep] Executing task "determineApplicationServiceBindingActionsTask" of process "6eb5194e-98c4-11f1-9e4f-eeee0a92ed50"...#
#2026 08 15 16:14:46.522#Z#DEBUG#61dc8624-98c4-11f1-8cc9-eeee0a994573.OPERATION#flowable-async-job-executor-thread-1250#
[DetermineApplicationServiceBindingActionsStep] Determine bind/unbind operations of application "flowmate-approuter" to service instance "flowmate-auth"#
#2026 08 15 16:14:46.522#Z#DEBUG#61dc8624-98c4-11f1-8cc9-eeee0a994573.OPERATION#flowable-async-job-executor-thread-1250#
[DetermineApplicationServiceBindingActionsStep] Getting application "flowmate-approuter"...#
#2026 08 15 16:14:46.547#Z#DEBUG#61dc8624-98c4-11f1-8cc9-eeee0a994573.OPERATION#flowable-async-job-executor-thread-1250#
[DetermineApplicationServiceBindingActionsStep] Binding parameters for application "flowmate-approuter": { }#
#2026 08 15 16:14:46.584#Z#DEBUG#61dc8624-98c4-11f1-8cc9-eeee0a994573.OPERATION#flowable-async-job-executor-thread-1250#
[DetermineApplicationServiceBindingActionsStep] Check should rebind application "flowmate-approuter" and service instance "flowmate-auth"#
#2026 08 15 16:14:46.584#Z#DEBUG#61dc8624-98c4-11f1-8cc9-eeee0a994573.OPERATION#flowable-async-job-executor-thread-1250#
[DetermineApplicationServiceBindingActionsStep] Getting GUID of required service instance "flowmate-auth"...#
#2026 08 15 16:14:46.620#Z#DEBUG#61dc8624-98c4-11f1-8cc9-eeee0a994573.OPERATION#flowable-async-job-executor-thread-1250#
[DetermineApplicationServiceBindingActionsStep] Getting binding of service instance "305a35ad-a103-4c2b-816f-f04cb826df48" with application "d800c8e4-41c9-4630-8ddc-f8cf5f4e3f21"...#
#2026 08 15 16:14:46.654#Z#DEBUG#61dc8624-98c4-11f1-8cc9-eeee0a994573.OPERATION#flowable-async-job-executor-thread-1250#
[DetermineApplicationServiceBindingActionsStep] Getting parameters of service binding "9aeb2a93-a87a-4f25-ac00-124b024245f3"...#
#2026 08 15 16:14:46.684#Z#WARN#61dc8624-98c4-11f1-8cc9-eeee0a994573.OPERATION#flowable-async-job-executor-thread-1250#
[DetermineApplicationServiceBindingActionsStep] Cannot retrieve parameters of binding between application "flowmate-approuter" and service instance "flowmate-auth"#
#2026 08 15 16:14:46.685#Z#DEBUG#61dc8624-98c4-11f1-8cc9-eeee0a994573.OPERATION#flowable-async-job-executor-thread-1250#
[DetermineApplicationServiceBindingActionsStep] Calculated binding operations between application "flowmate-approuter" and service instance "flowmate-auth": unbind - true bind - true#
#2026 08 15 16:14:46.685#Z#DEBUG#61dc8624-98c4-11f1-8cc9-eeee0a994573.OPERATION#flowable-async-job-executor-thread-1250#
Step "Determine Application Service Binding Actions" finished#
#2026 08 15 16:14:46.707#Z#DEBUG#61dc8624-98c4-11f1-8cc9-eeee0a994573.OPERATION#flowable-async-job-executor-thread-1250#
[UnbindServiceFromApplicationStep] Executing task "unbindServiceFromApplicationTask" of process "6eb5194e-98c4-11f1-9e4f-eeee0a92ed50"...#
#2026 08 15 16:14:46.709#Z#INFO#61dc8624-98c4-11f1-8cc9-eeee0a994573.OPERATION#flowable-async-job-executor-thread-1250#
[UnbindServiceFromApplicationStep] Unbinding service instance "flowmate-auth" from application "flowmate-approuter"...#
#2026 08 15 16:14:46.712#Z#DEBUG#61dc8624-98c4-11f1-8cc9-eeee0a994573.OPERATION#flowable-async-job-executor-thread-1250#
[UnbindServiceFromApplicationStep] Unbinding application "flowmate-approuter" from service instance "flowmate-auth"...#
#2026 08 15 16:14:46.876#Z#DEBUG#61dc8624-98c4-11f1-8cc9-eeee0a994573.OPERATION#flowable-async-job-executor-thread-1250#
Step "Unbind Service from Application" finished#
#2026 08 15 16:14:46.509#Z#DEBUG#61dc8624-98c4-11f1-8cc9-eeee0a994573.OPERATION#flowable-async-job-executor-thread-1252#
[CreateOrUpdateAppStep] Executing task "createAppTask" of process "6eb7ff26-98c4-11f1-9e4f-eeee0a92ed50"...#
#2026 08 15 16:14:46.510#Z#DEBUG#61dc8624-98c4-11f1-8cc9-eeee0a994573.OPERATION#flowable-async-job-executor-thread-1252#
[CreateOrUpdateAppStep] Getting application "flowmate-srv"...#
#2026 08 15 16:14:46.539#Z#INFO#61dc8624-98c4-11f1-8cc9-eeee0a994573.OPERATION#flowable-async-job-executor-thread-1252#
[CreateOrUpdateAppStep] Updating application "flowmate-srv"...#
#2026 08 15 16:14:46.547#Z#DEBUG#61dc8624-98c4-11f1-8cc9-eeee0a994573.OPERATION#flowable-async-job-executor-thread-1252#
[CreateOrUpdateAppStep] Getting process for application "2a2de465-8e9c-4672-82f1-daa9609a431b"...#
#2026 08 15 16:14:46.579#Z#DEBUG#61dc8624-98c4-11f1-8cc9-eeee0a994573.OPERATION#flowable-async-job-executor-thread-1252#
[CreateOrUpdateAppStep] Getting routes for application "2a2de465-8e9c-4672-82f1-daa9609a431b"...#
#2026 08 15 16:14:46.611#Z#DEBUG#61dc8624-98c4-11f1-8cc9-eeee0a994573.OPERATION#flowable-async-job-executor-thread-1252#
[CreateOrUpdateAppStep] Getting features for application "2a2de465-8e9c-4672-82f1-daa9609a431b"#
#2026 08 15 16:14:46.632#Z#DEBUG#61dc8624-98c4-11f1-8cc9-eeee0a994573.OPERATION#flowable-async-job-executor-thread-1252#
[CreateOrUpdateAppStep] Updating staging of application "flowmate-srv" to: {
  "buildpacks" : [ "nodejs_buildpack" ],
  "healthCheckType" : "port",
  "appFeatures" : { }
}#
#2026 08 15 16:14:46.847#Z#DEBUG#61dc8624-98c4-11f1-8cc9-eeee0a994573.OPERATION#flowable-async-job-executor-thread-1252#
[CreateOrUpdateAppStep] Application "flowmate-srv" updated#
#2026 08 15 16:14:46.847#Z#DEBUG#61dc8624-98c4-11f1-8cc9-eeee0a994573.OPERATION#flowable-async-job-executor-thread-1252#
[CreateOrUpdateAppStep] Getting environment of application "2a2de465-8e9c-4672-82f1-daa9609a431b"...#
#2026 08 15 16:14:46.918#Z#DEBUG#61dc8624-98c4-11f1-8cc9-eeee0a994573.OPERATION#flowable-async-job-executor-thread-1252#
[CreateOrUpdateAppStep] Application "flowmate-srv" updated#
#2026 08 15 16:14:46.918#Z#DEBUG#61dc8624-98c4-11f1-8cc9-eeee0a994573.OPERATION#flowable-async-job-executor-thread-1252#
Step "Create App" finished#
#2026 08 15 16:14:46.981#Z#DEBUG#61dc8624-98c4-11f1-8cc9-eeee0a994573.OPERATION#flowable-async-job-executor-thread-1248#
[CheckServiceBindingOperationStep] Executing task "checkForServiceBindingOperationInProgress" of process "6f1030c0-98c4-11f1-9e4f-eeee0a92ed50"...#
#2026 08 15 16:14:46.982#Z#DEBUG#61dc8624-98c4-11f1-8cc9-eeee0a994573.OPERATION#flowable-async-job-executor-thread-1248#
[CheckServiceBindingOperationStep] Checking for service binding operation in progress between app "flowmate-srv" and service instance "flowmate-db"#
#2026 08 15 16:14:46.982#Z#DEBUG#61dc8624-98c4-11f1-8cc9-eeee0a994573.OPERATION#flowable-async-job-executor-thread-1248#
[CheckServiceBindingOperationStep] Getting application guid "flowmate-srv"...#
#2026 08 15 16:14:47.013#Z#DEBUG#61dc8624-98c4-11f1-8cc9-eeee0a994573.OPERATION#flowable-async-job-executor-thread-1248#
[CheckServiceBindingOperationStep] Getting GUID of required service instance "flowmate-db"...#
#2026 08 15 16:14:47.044#Z#DEBUG#61dc8624-98c4-11f1-8cc9-eeee0a994573.OPERATION#flowable-async-job-executor-thread-1248#
[CheckServiceBindingOperationStep] Getting binding of service instance "2ec03c65-02cd-47ca-86f2-9196c91ca3af" with application "2a2de465-8e9c-4672-82f1-daa9609a431b"...#
#2026 08 15 16:14:47.081#Z#DEBUG#61dc8624-98c4-11f1-8cc9-eeee0a994573.OPERATION#flowable-async-job-executor-thread-1248#
[CheckServiceBindingOperationStep] Service binding operation "92eb7e9e-dd7b-484f-ab57-50989b6cc13d" with type "create" is in state "succeeded"#
#2026 08 15 16:14:47.081#Z#DEBUG#61dc8624-98c4-11f1-8cc9-eeee0a994573.OPERATION#flowable-async-job-executor-thread-1248#
Step "Check For Service Binding Operation In Progress" finished#
#2026 08 15 16:14:47.099#Z#DEBUG#61dc8624-98c4-11f1-8cc9-eeee0a994573.OPERATION#flowable-async-job-executor-thread-1248#
[DetermineApplicationServiceBindingActionsStep] Executing task "determineApplicationServiceBindingActionsTask" of process "6f1030c0-98c4-11f1-9e4f-eeee0a92ed50"...#
#2026 08 15 16:14:47.100#Z#DEBUG#61dc8624-98c4-11f1-8cc9-eeee0a994573.OPERATION#flowable-async-job-executor-thread-1248#
[DetermineApplicationServiceBindingActionsStep] Determine bind/unbind operations of application "flowmate-srv" to service instance "flowmate-db"#
#2026 08 15 16:14:47.100#Z#DEBUG#61dc8624-98c4-11f1-8cc9-eeee0a994573.OPERATION#flowable-async-job-executor-thread-1248#
[DetermineApplicationServiceBindingActionsStep] Getting application "flowmate-srv"...#
#2026 08 15 16:14:47.141#Z#DEBUG#61dc8624-98c4-11f1-8cc9-eeee0a994573.OPERATION#flowable-async-job-executor-thread-1248#
[DetermineApplicationServiceBindingActionsStep] Binding parameters for application "flowmate-srv": { }#
#2026 08 15 16:14:47.181#Z#DEBUG#61dc8624-98c4-11f1-8cc9-eeee0a994573.OPERATION#flowable-async-job-executor-thread-1248#
[DetermineApplicationServiceBindingActionsStep] Check should rebind application "flowmate-srv" and service instance "flowmate-db"#
#2026 08 15 16:14:47.181#Z#DEBUG#61dc8624-98c4-11f1-8cc9-eeee0a994573.OPERATION#flowable-async-job-executor-thread-1248#
[DetermineApplicationServiceBindingActionsStep] Getting GUID of required service instance "flowmate-db"...#
#2026 08 15 16:14:47.210#Z#DEBUG#61dc8624-98c4-11f1-8cc9-eeee0a994573.OPERATION#flowable-async-job-executor-thread-1248#
[DetermineApplicationServiceBindingActionsStep] Getting binding of service instance "2ec03c65-02cd-47ca-86f2-9196c91ca3af" with application "2a2de465-8e9c-4672-82f1-daa9609a431b"...#
#2026 08 15 16:14:47.243#Z#DEBUG#61dc8624-98c4-11f1-8cc9-eeee0a994573.OPERATION#flowable-async-job-executor-thread-1248#
[DetermineApplicationServiceBindingActionsStep] Getting parameters of service binding "92eb7e9e-dd7b-484f-ab57-50989b6cc13d"...#
#2026 08 15 16:14:47.409#Z#INFO#61dc8624-98c4-11f1-8cc9-eeee0a994573.OPERATION#flowable-async-job-executor-thread-1248#
[DetermineApplicationServiceBindingActionsStep] Service instance "flowmate-db" will not be rebound to application "flowmate-srv" because the binding parameters are not modified#
#2026 08 15 16:14:47.413#Z#DEBUG#61dc8624-98c4-11f1-8cc9-eeee0a994573.OPERATION#flowable-async-job-executor-thread-1248#
[DetermineApplicationServiceBindingActionsStep] Calculated binding operations between application "flowmate-srv" and service instance "flowmate-db": unbind - false bind - false#
#2026 08 15 16:14:47.413#Z#DEBUG#61dc8624-98c4-11f1-8cc9-eeee0a994573.OPERATION#flowable-async-job-executor-thread-1248#
Step "Determine Application Service Binding Actions" finished#
#2026 08 15 16:14:48.691#Z#DEBUG#61dc8624-98c4-11f1-8cc9-eeee0a994573.OPERATION#flowable-async-job-executor-thread-142#
[CheckServiceBindingOperationStep] Executing task "checkForServiceBindingOperationInProgress" of process "7012acbd-98c4-11f1-8cc9-eeee0a994573"...#
#2026 08 15 16:14:48.692#Z#DEBUG#61dc8624-98c4-11f1-8cc9-eeee0a994573.OPERATION#flowable-async-job-executor-thread-142#
[CheckServiceBindingOperationStep] Checking for service binding operation in progress between app "flowmate-srv" and service instance "flowmate-auth"#
#2026 08 15 16:14:48.693#Z#DEBUG#61dc8624-98c4-11f1-8cc9-eeee0a994573.OPERATION#flowable-async-job-executor-thread-142#
[CheckServiceBindingOperationStep] Getting application guid "flowmate-srv"...#
#2026 08 15 16:14:48.727#Z#DEBUG#61dc8624-98c4-11f1-8cc9-eeee0a994573.OPERATION#flowable-async-job-executor-thread-142#
[CheckServiceBindingOperationStep] Getting GUID of required service instance "flowmate-auth"...#
#2026 08 15 16:14:48.764#Z#DEBUG#61dc8624-98c4-11f1-8cc9-eeee0a994573.OPERATION#flowable-async-job-executor-thread-142#
[CheckServiceBindingOperationStep] Getting binding of service instance "305a35ad-a103-4c2b-816f-f04cb826df48" with application "2a2de465-8e9c-4672-82f1-daa9609a431b"...#
#2026 08 15 16:14:48.799#Z#DEBUG#61dc8624-98c4-11f1-8cc9-eeee0a994573.OPERATION#flowable-async-job-executor-thread-142#
[CheckServiceBindingOperationStep] Service binding operation "1ca00838-6902-46da-9d35-e58a08fc050a" with type "create" is in state "succeeded"#
#2026 08 15 16:14:48.799#Z#DEBUG#61dc8624-98c4-11f1-8cc9-eeee0a994573.OPERATION#flowable-async-job-executor-thread-142#
Step "Check For Service Binding Operation In Progress" finished#
#2026 08 15 16:14:48.842#Z#DEBUG#61dc8624-98c4-11f1-8cc9-eeee0a994573.OPERATION#flowable-async-job-executor-thread-144#
[DetermineApplicationServiceBindingActionsStep] Executing task "determineApplicationServiceBindingActionsTask" of process "7012acbd-98c4-11f1-8cc9-eeee0a994573"...#
#2026 08 15 16:14:48.846#Z#DEBUG#61dc8624-98c4-11f1-8cc9-eeee0a994573.OPERATION#flowable-async-job-executor-thread-144#
[DetermineApplicationServiceBindingActionsStep] Determine bind/unbind operations of application "flowmate-srv" to service instance "flowmate-auth"#
#2026 08 15 16:14:48.846#Z#DEBUG#61dc8624-98c4-11f1-8cc9-eeee0a994573.OPERATION#flowable-async-job-executor-thread-144#
[DetermineApplicationServiceBindingActionsStep] Getting application "flowmate-srv"...#
#2026 08 15 16:14:48.888#Z#DEBUG#61dc8624-98c4-11f1-8cc9-eeee0a994573.OPERATION#flowable-async-job-executor-thread-144#
[DetermineApplicationServiceBindingActionsStep] Binding parameters for application "flowmate-srv": { }#
#2026 08 15 16:14:48.929#Z#DEBUG#61dc8624-98c4-11f1-8cc9-eeee0a994573.OPERATION#flowable-async-job-executor-thread-144#
[DetermineApplicationServiceBindingActionsStep] Check should rebind application "flowmate-srv" and service instance "flowmate-auth"#
#2026 08 15 16:14:48.929#Z#DEBUG#61dc8624-98c4-11f1-8cc9-eeee0a994573.OPERATION#flowable-async-job-executor-thread-144#
[DetermineApplicationServiceBindingActionsStep] Getting GUID of required service instance "flowmate-auth"...#
#2026 08 15 16:14:48.960#Z#DEBUG#61dc8624-98c4-11f1-8cc9-eeee0a994573.OPERATION#flowable-async-job-executor-thread-144#
[DetermineApplicationServiceBindingActionsStep] Getting binding of service instance "305a35ad-a103-4c2b-816f-f04cb826df48" with application "2a2de465-8e9c-4672-82f1-daa9609a431b"...#
#2026 08 15 16:14:48.996#Z#DEBUG#61dc8624-98c4-11f1-8cc9-eeee0a994573.OPERATION#flowable-async-job-executor-thread-144#
[DetermineApplicationServiceBindingActionsStep] Getting parameters of service binding "1ca00838-6902-46da-9d35-e58a08fc050a"...#
#2026 08 15 16:14:49.028#Z#WARN#61dc8624-98c4-11f1-8cc9-eeee0a994573.OPERATION#flowable-async-job-executor-thread-144#
[DetermineApplicationServiceBindingActionsStep] Cannot retrieve parameters of binding between application "flowmate-srv" and service instance "flowmate-auth"#
#2026 08 15 16:14:49.030#Z#DEBUG#61dc8624-98c4-11f1-8cc9-eeee0a994573.OPERATION#flowable-async-job-executor-thread-144#
[DetermineApplicationServiceBindingActionsStep] Calculated binding operations between application "flowmate-srv" and service instance "flowmate-auth": unbind - true bind - true#
#2026 08 15 16:14:49.030#Z#DEBUG#61dc8624-98c4-11f1-8cc9-eeee0a994573.OPERATION#flowable-async-job-executor-thread-144#
Step "Determine Application Service Binding Actions" finished#
#2026 08 15 16:14:49.088#Z#DEBUG#61dc8624-98c4-11f1-8cc9-eeee0a994573.OPERATION#flowable-async-job-executor-thread-144#
[UnbindServiceFromApplicationStep] Executing task "unbindServiceFromApplicationTask" of process "7012acbd-98c4-11f1-8cc9-eeee0a994573"...#
#2026 08 15 16:14:49.092#Z#INFO#61dc8624-98c4-11f1-8cc9-eeee0a994573.OPERATION#flowable-async-job-executor-thread-144#
[UnbindServiceFromApplicationStep] Unbinding service instance "flowmate-auth" from application "flowmate-srv"...#
#2026 08 15 16:14:49.099#Z#DEBUG#61dc8624-98c4-11f1-8cc9-eeee0a994573.OPERATION#flowable-async-job-executor-thread-144#
[UnbindServiceFromApplicationStep] Unbinding application "flowmate-srv" from service instance "flowmate-auth"...#
#2026 08 15 16:14:49.249#Z#DEBUG#61dc8624-98c4-11f1-8cc9-eeee0a994573.OPERATION#flowable-async-job-executor-thread-144#
Step "Unbind Service from Application" finished#
#2026 08 15 16:14:49.394#Z#DEBUG#61dc8624-98c4-11f1-8cc9-eeee0a994573.OPERATION#flowable-async-job-executor-thread-1254#
[CheckServiceBindingOperationStep] Executing task "checkForServiceBindingOperationInProgress" of process "70803bbc-98c4-11f1-9e4f-eeee0a92ed50"...#
#2026 08 15 16:14:49.394#Z#DEBUG#61dc8624-98c4-11f1-8cc9-eeee0a994573.OPERATION#flowable-async-job-executor-thread-1254#
[CheckServiceBindingOperationStep] Checking for service binding operation in progress between app "flowmate-srv" and service instance "flowmate-destination"#
#2026 08 15 16:14:49.395#Z#DEBUG#61dc8624-98c4-11f1-8cc9-eeee0a994573.OPERATION#flowable-async-job-executor-thread-1254#
[CheckServiceBindingOperationStep] Getting application guid "flowmate-srv"...#
#2026 08 15 16:14:49.428#Z#DEBUG#61dc8624-98c4-11f1-8cc9-eeee0a994573.OPERATION#flowable-async-job-executor-thread-1254#
[CheckServiceBindingOperationStep] Getting GUID of required service instance "flowmate-destination"...#
#2026 08 15 16:14:49.458#Z#DEBUG#61dc8624-98c4-11f1-8cc9-eeee0a994573.OPERATION#flowable-async-job-executor-thread-1254#
[CheckServiceBindingOperationStep] Getting binding of service instance "ea301e44-3292-414f-9511-3b89eca0303f" with application "2a2de465-8e9c-4672-82f1-daa9609a431b"...#
#2026 08 15 16:14:49.487#Z#DEBUG#61dc8624-98c4-11f1-8cc9-eeee0a994573.OPERATION#flowable-async-job-executor-thread-1254#
[CheckServiceBindingOperationStep] Service binding operation "953134e9-5554-42ec-870b-c98dcc96134c" with type "create" is in state "succeeded"#
#2026 08 15 16:14:49.487#Z#DEBUG#61dc8624-98c4-11f1-8cc9-eeee0a994573.OPERATION#flowable-async-job-executor-thread-1254#
Step "Check For Service Binding Operation In Progress" finished#
#2026 08 15 16:14:49.507#Z#DEBUG#61dc8624-98c4-11f1-8cc9-eeee0a994573.OPERATION#flowable-async-job-executor-thread-1254#
[DetermineApplicationServiceBindingActionsStep] Executing task "determineApplicationServiceBindingActionsTask" of process "70803bbc-98c4-11f1-9e4f-eeee0a92ed50"...#
#2026 08 15 16:14:49.508#Z#DEBUG#61dc8624-98c4-11f1-8cc9-eeee0a994573.OPERATION#flowable-async-job-executor-thread-1254#
[DetermineApplicationServiceBindingActionsStep] Determine bind/unbind operations of application "flowmate-srv" to service instance "flowmate-destination"#
#2026 08 15 16:14:49.508#Z#DEBUG#61dc8624-98c4-11f1-8cc9-eeee0a994573.OPERATION#flowable-async-job-executor-thread-1254#
[DetermineApplicationServiceBindingActionsStep] Getting application "flowmate-srv"...#
#2026 08 15 16:14:49.536#Z#DEBUG#61dc8624-98c4-11f1-8cc9-eeee0a994573.OPERATION#flowable-async-job-executor-thread-1254#
[DetermineApplicationServiceBindingActionsStep] Binding parameters for application "flowmate-srv": { }#
#2026 08 15 16:14:49.578#Z#DEBUG#61dc8624-98c4-11f1-8cc9-eeee0a994573.OPERATION#flowable-async-job-executor-thread-1254#
[DetermineApplicationServiceBindingActionsStep] Check should rebind application "flowmate-srv" and service instance "flowmate-destination"#
#2026 08 15 16:14:49.578#Z#DEBUG#61dc8624-98c4-11f1-8cc9-eeee0a994573.OPERATION#flowable-async-job-executor-thread-1254#
[DetermineApplicationServiceBindingActionsStep] Getting GUID of required service instance "flowmate-destination"...#
#2026 08 15 16:14:49.608#Z#DEBUG#61dc8624-98c4-11f1-8cc9-eeee0a994573.OPERATION#flowable-async-job-executor-thread-1254#
[DetermineApplicationServiceBindingActionsStep] Getting binding of service instance "ea301e44-3292-414f-9511-3b89eca0303f" with application "2a2de465-8e9c-4672-82f1-daa9609a431b"...#
#2026 08 15 16:14:49.639#Z#DEBUG#61dc8624-98c4-11f1-8cc9-eeee0a994573.OPERATION#flowable-async-job-executor-thread-1254#
[DetermineApplicationServiceBindingActionsStep] Getting parameters of service binding "953134e9-5554-42ec-870b-c98dcc96134c"...#
#2026 08 15 16:14:49.661#Z#WARN#61dc8624-98c4-11f1-8cc9-eeee0a994573.OPERATION#flowable-async-job-executor-thread-1254#
[DetermineApplicationServiceBindingActionsStep] Cannot retrieve parameters of binding between application "flowmate-srv" and service instance "flowmate-destination"#
#2026 08 15 16:14:49.663#Z#DEBUG#61dc8624-98c4-11f1-8cc9-eeee0a994573.OPERATION#flowable-async-job-executor-thread-1254#
[DetermineApplicationServiceBindingActionsStep] Calculated binding operations between application "flowmate-srv" and service instance "flowmate-destination": unbind - true bind - true#
#2026 08 15 16:14:49.663#Z#DEBUG#61dc8624-98c4-11f1-8cc9-eeee0a994573.OPERATION#flowable-async-job-executor-thread-1254#
Step "Determine Application Service Binding Actions" finished#
#2026 08 15 16:14:49.688#Z#DEBUG#61dc8624-98c4-11f1-8cc9-eeee0a994573.OPERATION#flowable-async-job-executor-thread-1255#
[UnbindServiceFromApplicationStep] Executing task "unbindServiceFromApplicationTask" of process "70803bbc-98c4-11f1-9e4f-eeee0a92ed50"...#
#2026 08 15 16:14:49.690#Z#INFO#61dc8624-98c4-11f1-8cc9-eeee0a994573.OPERATION#flowable-async-job-executor-thread-1255#
[UnbindServiceFromApplicationStep] Unbinding service instance "flowmate-destination" from application "flowmate-srv"...#
#2026 08 15 16:14:49.693#Z#DEBUG#61dc8624-98c4-11f1-8cc9-eeee0a994573.OPERATION#flowable-async-job-executor-thread-1255#
[UnbindServiceFromApplicationStep] Unbinding application "flowmate-srv" from service instance "flowmate-destination"...#
#2026 08 15 16:14:49.833#Z#DEBUG#61dc8624-98c4-11f1-8cc9-eeee0a994573.OPERATION#flowable-async-job-executor-thread-1255#
Step "Unbind Service from Application" finished#
#2026 08 15 16:14:50.462#Z#DEBUG#61dc8624-98c4-11f1-8cc9-eeee0a994573.OPERATION#flowable-async-job-executor-thread-1249#
[UnbindServiceFromApplicationStep] Executing task "unbindServiceFromApplicationTask" of process "6db13d54-98c4-11f1-a1ea-eeee0a8ddf69"...#
#2026 08 15 16:14:50.465#Z#DEBUG#61dc8624-98c4-11f1-8cc9-eeee0a994573.OPERATION#flowable-async-job-executor-thread-1249#
[UnbindServiceFromApplicationStep] Getting async job "ca98c2c3-1863-4276-8678-e2820ab64639"#
#2026 08 15 16:14:50.492#Z#DEBUG#61dc8624-98c4-11f1-8cc9-eeee0a994573.OPERATION#flowable-async-job-executor-thread-1249#
[UnbindServiceFromApplicationStep] Getting service instance "flowmate-html5-runtime"...#
#2026 08 15 16:14:50.591#Z#DEBUG#61dc8624-98c4-11f1-8cc9-eeee0a994573.OPERATION#flowable-async-job-executor-thread-1249#
[UnbindServiceFromApplicationStep] Async service binding operation with id "ca98c2c3-1863-4276-8678-e2820ab64639" finished#
#2026 08 15 16:14:50.593#Z#DEBUG#61dc8624-98c4-11f1-8cc9-eeee0a994573.OPERATION#flowable-async-job-executor-thread-1249#
Step "Unbind Service from Application" finished#
#2026 08 15 16:14:50.620#Z#DEBUG#61dc8624-98c4-11f1-8cc9-eeee0a994573.OPERATION#flowable-async-job-executor-thread-1249#
[BindServiceToApplicationStep] Executing task "bindServiceToApplicationTask" of process "6db13d54-98c4-11f1-a1ea-eeee0a8ddf69"...#
#2026 08 15 16:14:50.622#Z#INFO#61dc8624-98c4-11f1-8cc9-eeee0a994573.OPERATION#flowable-async-job-executor-thread-1249#
[BindServiceToApplicationStep] Binding service instance "flowmate-html5-runtime" to application "flowmate-approuter"...#
#2026 08 15 16:14:50.627#Z#DEBUG#61dc8624-98c4-11f1-8cc9-eeee0a994573.OPERATION#flowable-async-job-executor-thread-1249#
[BindServiceToApplicationStep] Binding service instance "flowmate-html5-runtime" to application "flowmate-approuter" with parameters: { }#
#2026 08 15 16:14:50.742#Z#DEBUG#61dc8624-98c4-11f1-8cc9-eeee0a994573.OPERATION#flowable-async-job-executor-thread-1249#
Step "Bind Service to Application" finished#
#2026 08 15 16:14:50.444#Z#DEBUG#61dc8624-98c4-11f1-8cc9-eeee0a994573.OPERATION#flowable-async-job-executor-thread-1251#
[StartContentDeployStep] Executing task "startContentDeployTask" of process "6be94e7b-98c4-11f1-a1ea-eeee0a8ddf69"...#
#2026 08 15 16:14:50.445#Z#DEBUG#61dc8624-98c4-11f1-8cc9-eeee0a994573.OPERATION#flowable-async-job-executor-thread-1251#
[StartContentDeployStep] Checking status of module content deployment "flowmate-app-content" in service "flowmate-html5-repo-host"...#
#2026 08 15 16:14:50.810#Z#DEBUG#61dc8624-98c4-11f1-8cc9-eeee0a994573.OPERATION#flowable-async-job-executor-thread-1251#
[StartContentDeployStep] Deleting content deployment resource "e4dc9323-3ef7-440f-b409-afd8256b5170"...#
#2026 08 15 16:14:50.831#Z#DEBUG#61dc8624-98c4-11f1-8cc9-eeee0a994573.OPERATION#flowable-async-job-executor-thread-1251#
Step "Start Content Deploy" finished#
#2026 08 15 16:14:50.455#Z#DEBUG#61dc8624-98c4-11f1-8cc9-eeee0a994573.OPERATION#flowable-async-job-executor-thread-1252#
[UploadAppStep] Executing task "uploadAppTask" of process "6d963b96-98c4-11f1-9e4f-eeee0a92ed50"...#
#2026 08 15 16:14:50.457#Z#DEBUG#61dc8624-98c4-11f1-8cc9-eeee0a994573.OPERATION#flowable-async-job-executor-thread-1252#
[UploadAppStep] Application upload timeout is default one: 3,600 seconds#
#2026 08 15 16:14:50.458#Z#DEBUG#61dc8624-98c4-11f1-8cc9-eeee0a994573.OPERATION#pool-21-thread-6#
[UploadAppStep] Upload of application: flowmate-db-deployer started on instance: 2#
#2026 08 15 16:14:50.458#Z#DEBUG#61dc8624-98c4-11f1-8cc9-eeee0a994573.OPERATION#pool-21-thread-6#
[UploadAppStep] Uploading file "flowmate-db-deployer/data.zip" for application "flowmate-db-deployer"#
#2026 08 15 16:14:50.522#Z#INFO#61dc8624-98c4-11f1-8cc9-eeee0a994573.OPERATION#pool-21-thread-6#
[UploadAppStep] Time elapsed for app binary download: 63 in millis#
#2026 08 15 16:14:50.522#Z#INFO#61dc8624-98c4-11f1-8cc9-eeee0a994573.OPERATION#pool-21-thread-6#
[UploadAppStep] Size of app flowmate-db-deployer is 2,568,198 bytes#
#2026 08 15 16:14:50.522#Z#DEBUG#61dc8624-98c4-11f1-8cc9-eeee0a994573.OPERATION#pool-21-thread-6#
[UploadAppStep] Asynchronously uploading binaries for application "flowmate-db-deployer"...#
#2026 08 15 16:14:50.705#Z#INFO#61dc8624-98c4-11f1-8cc9-eeee0a994573.OPERATION#pool-21-thread-6#
[UploadAppStep] Started async upload of application "flowmate-db-deployer"#
#2026 08 15 16:14:50.709#Z#INFO#61dc8624-98c4-11f1-8cc9-eeee0a994573.OPERATION#flowable-async-job-executor-thread-1252#
[UploadAppStep] Time elapsed for upload: 251 in millis#
#2026 08 15 16:14:50.709#Z#DEBUG#61dc8624-98c4-11f1-8cc9-eeee0a994573.OPERATION#flowable-async-job-executor-thread-1252#
[UploadAppStep] Getting application "flowmate-db-deployer"...#
#2026 08 15 16:14:50.734#Z#DEBUG#61dc8624-98c4-11f1-8cc9-eeee0a994573.OPERATION#App upload monitor: a681df1a-868c-430f-aeaa-55c832a1b2d8#
[UploadAppStep] Upload status: PROCESSING_UPLOAD#
#2026 08 15 16:14:50.735#Z#DEBUG#61dc8624-98c4-11f1-8cc9-eeee0a994573.OPERATION#flowable-async-job-executor-thread-1252#
[UploadAppStep] Getting environment of application "7a73a120-d7c2-430c-b2e2-8bbf048bb5ff"...#
#2026 08 15 16:14:50.766#Z#DEBUG#61dc8624-98c4-11f1-8cc9-eeee0a994573.OPERATION#flowable-async-job-executor-thread-1252#
[UploadAppStep] Updating environment of application "flowmate-db-deployer"#
#2026 08 15 16:14:50.847#Z#DEBUG#61dc8624-98c4-11f1-8cc9-eeee0a994573.OPERATION#flowable-async-job-executor-thread-1252#
Step "Upload App" finished#
#2026 08 15 16:14:52.481#Z#DEBUG#61dc8624-98c4-11f1-8cc9-eeee0a994573.OPERATION#flowable-async-job-executor-thread-115#
[UnbindServiceFromApplicationStep] Executing task "unbindServiceFromApplicationTask" of process "6e473c49-98c4-11f1-8cc9-eeee0a994573"...#
#2026 08 15 16:14:52.484#Z#DEBUG#61dc8624-98c4-11f1-8cc9-eeee0a994573.OPERATION#flowable-async-job-executor-thread-116#
[UnbindServiceFromApplicationStep] Executing task "unbindServiceFromApplicationTask" of process "6eb5194e-98c4-11f1-9e4f-eeee0a92ed50"...#
#2026 08 15 16:14:52.484#Z#DEBUG#61dc8624-98c4-11f1-8cc9-eeee0a994573.OPERATION#flowable-async-job-executor-thread-115#
[UnbindServiceFromApplicationStep] Getting async job "68d049a3-8cdf-4ea6-ba3a-963e29abf314"#
#2026 08 15 16:14:52.486#Z#DEBUG#61dc8624-98c4-11f1-8cc9-eeee0a994573.OPERATION#flowable-async-job-executor-thread-116#
[UnbindServiceFromApplicationStep] Getting async job "caa8c6aa-12d8-4edb-a5d1-2f868c111d04"#
#2026 08 15 16:14:52.515#Z#DEBUG#61dc8624-98c4-11f1-8cc9-eeee0a994573.OPERATION#flowable-async-job-executor-thread-116#
[UnbindServiceFromApplicationStep] Getting service instance "flowmate-auth"...#
#2026 08 15 16:14:52.515#Z#DEBUG#61dc8624-98c4-11f1-8cc9-eeee0a994573.OPERATION#flowable-async-job-executor-thread-115#
[UnbindServiceFromApplicationStep] Getting service instance "flowmate-destination"...#
#2026 08 15 16:14:52.615#Z#DEBUG#61dc8624-98c4-11f1-8cc9-eeee0a994573.OPERATION#flowable-async-job-executor-thread-115#
[UnbindServiceFromApplicationStep] Async service binding operation with id "68d049a3-8cdf-4ea6-ba3a-963e29abf314" finished#
#2026 08 15 16:14:52.617#Z#DEBUG#61dc8624-98c4-11f1-8cc9-eeee0a994573.OPERATION#flowable-async-job-executor-thread-116#
[UnbindServiceFromApplicationStep] Async service binding operation with id "caa8c6aa-12d8-4edb-a5d1-2f868c111d04" finished#
#2026 08 15 16:14:52.618#Z#DEBUG#61dc8624-98c4-11f1-8cc9-eeee0a994573.OPERATION#flowable-async-job-executor-thread-115#
Step "Unbind Service from Application" finished#
#2026 08 15 16:14:52.620#Z#DEBUG#61dc8624-98c4-11f1-8cc9-eeee0a994573.OPERATION#flowable-async-job-executor-thread-116#
Step "Unbind Service from Application" finished#
#2026 08 15 16:14:52.658#Z#DEBUG#61dc8624-98c4-11f1-8cc9-eeee0a994573.OPERATION#flowable-async-job-executor-thread-118#
[BindServiceToApplicationStep] Executing task "bindServiceToApplicationTask" of process "6eb5194e-98c4-11f1-9e4f-eeee0a92ed50"...#
#2026 08 15 16:14:52.658#Z#DEBUG#61dc8624-98c4-11f1-8cc9-eeee0a994573.OPERATION#flowable-async-job-executor-thread-117#
[BindServiceToApplicationStep] Executing task "bindServiceToApplicationTask" of process "6e473c49-98c4-11f1-8cc9-eeee0a994573"...#
#2026 08 15 16:14:52.660#Z#INFO#61dc8624-98c4-11f1-8cc9-eeee0a994573.OPERATION#flowable-async-job-executor-thread-117#
[BindServiceToApplicationStep] Binding service instance "flowmate-destination" to application "flowmate-approuter"...#
#2026 08 15 16:14:52.660#Z#INFO#61dc8624-98c4-11f1-8cc9-eeee0a994573.OPERATION#flowable-async-job-executor-thread-118#
[BindServiceToApplicationStep] Binding service instance "flowmate-auth" to application "flowmate-approuter"...#
#2026 08 15 16:14:52.667#Z#DEBUG#61dc8624-98c4-11f1-8cc9-eeee0a994573.OPERATION#flowable-async-job-executor-thread-117#
[BindServiceToApplicationStep] Binding service instance "flowmate-destination" to application "flowmate-approuter" with parameters: { }#
#2026 08 15 16:14:52.668#Z#DEBUG#61dc8624-98c4-11f1-8cc9-eeee0a994573.OPERATION#flowable-async-job-executor-thread-118#
[BindServiceToApplicationStep] Binding service instance "flowmate-auth" to application "flowmate-approuter" with parameters: { }#
#2026 08 15 16:14:52.778#Z#DEBUG#61dc8624-98c4-11f1-8cc9-eeee0a994573.OPERATION#flowable-async-job-executor-thread-117#
Step "Bind Service to Application" finished#
#2026 08 15 16:14:52.793#Z#DEBUG#61dc8624-98c4-11f1-8cc9-eeee0a994573.OPERATION#flowable-async-job-executor-thread-118#
Step "Bind Service to Application" finished#
